"","name","pop_total","pop_nhWhite","pop_black","pop_Hisp","popPctBlk","popPctHisp","Households","HHEnglish","HHPctNonEnglish","HHPctLingIsolated","PctForeignBorn","FamMedInc","FamMedIncBlk","FamMedIncHisp","FamMedIncNHWht","PctPovBlk","PctPovHisp","PctPovNHWht","PctAllPov","PctCrowdedBlk","PctCrowdedHisp","PctCrowdedNHWht","HHmedValueBlk","HHmedValueHisp","HHmedValueNHWht","X","X2006.2005","ALLpop2005","ALLpop2006","ALLpop2007","ALLpc0506","ALLpc0507","ALLpc0607","Wpop2005","Wpop2006","Wpop2007","Wpc0506","Wpc0507","Wpc0607","WFpop2005","WFpop2006","WFpop2007","WFpc0506","WFpc0507","WFpc0607","WMpop2005","WMpop2006","WMpop2007","WMpc0506","WMpc0507","WMpc0607","Bpop2005","Bpop2006","Bpop2007","Bpc0506","Bpc0507","Bpc0607","BFpop2005","BFpop2006","BFpop2007","BFpc0506","BFpc0507","BFpc0607","BMpop2005","BMpop2006","BMpop2007","BMpc0506","BMpc0507","BMpc0607","Hpop2005","Hpop2006","Hpop2007","Hpc0506","Hpc0507","Hpc0607","HFpop2005","HFpop2006","HFpop2007","HFpc0506","HFpc0507","HFpc0607","HMpop2005","HMpop2006","HMpop2007","HMpc0506","HMpc0507","HMpc0607","Apop2005","Apop2006","Apop2007","Apc0506","Apc0507","Apc0607","AFpop2005","AFpop2006","AFpop2007","AFpc0506","AFpc0507","AFpc0607","AMpop2005","AMpop2006","AMpop2007","AMpc0506","AMpc0507","AMpc0607"
"22001","Acadia",58861,47069,10932,351,0.1857,0.006,21171,13530,0.3609,0.0369,0.0044,31812,17434,25938,35879,0.4332,0.2222,0.1663,0.2454,0.1027,0,0.0496,43000,99100,65100,NA,1.11,58804,59745,59958,1.60023127678389,1.96245153390926,0.356515189555611,46608,47105,47307,1.06634054239616,1.49974253347065,0.428829211336376,23869,24119,24216,1.04738363567808,1.45376848632117,0.402172561051453,22739,22986,23091,1.08623950041778,1.54800123136462,0.456799791177238,11118,11514,11509,3.56179168915273,3.51681957186544,-0.0434253951710961,5883,6093,6087,3.56960734319225,3.46761856195818,-0.0984736582964057,5235,5421,5422,3.55300859598854,3.57211079274117,0.0184467810367091,545,572,574,4.95412844036697,5.32110091743119,0.349650349650350,254,264,265,3.93700787401575,4.33070866141732,0.378787878787879,291,308,309,5.84192439862543,6.18556701030928,0.324675324675325,148,157,161,6.08108108108108,8.78378378378378,2.54777070063694,70,71,73,1.42857142857143,4.28571428571429,2.81690140845070,49,50,52,2.04081632653061,6.12244897959184,4
"22003","Allen",25440,17311,6010,1230,0.2362,0.0483,8127,6709,0.1745,0.0177,0.0058,33920,20878,31750,35961,0.3501,0.0625,0.1519,0.1991,0.0658,0.2453,0.0441,36400,78300,60000,NA,1.64,24890,25567,25524,2.71996785857774,2.54720771394134,-0.168185551687722,17013,17205,17164,1.12854875683301,0.887556574384294,-0.23830281894798,8433,8485,8454,0.616625163049923,0.249021700462469,-0.365350618738951,8580,8720,8710,1.63170163170163,1.51515151515152,-0.114678899082569,6004,6355,6340,5.84610259826782,5.5962691538974,-0.23603461841070,2204,2273,2270,3.13067150635209,2.99455535390200,-0.131984161900572,3800,4082,4070,7.42105263157895,7.10526315789474,-0.293973542381186,995,1099,1101,10.4522613065327,10.6532663316583,0.181983621474067,120,130,131,8.33333333333333,9.16666666666667,0.769230769230769,875,969,970,10.7428571428571,10.8571428571429,0.103199174406605,154,173,172,12.3376623376623,11.6883116883117,-0.578034682080925,257,258,260,0.389105058365759,1.16731517509728,0.775193798449612,224,226,228,0.892857142857143,1.78571428571429,0.88495575221239
"22005","Ascension",76627,58460,15123,1940,0.1974,0.0253,26773,24042,0.102,0.0087,0.0183,50626,26619,39522,55173,0.3237,0.1277,0.0572,0.1295,0.145,0.2772,0.0311,72200,89000,110800,NA,4.71,89056,95449,99056,7.17862917714696,11.2288896873877,3.77898144558874,67199,70176,72332,4.43012544829536,7.63850652539472,3.07227542179663,33783,35332,36408,4.58514637539591,7.77018026818222,3.04539793954489,33416,34844,35924,4.27340196313143,7.50538664113,3.09952933073126,17656,20547,21534,16.3740371545084,21.9642048028999,4.80362096656446,9454,10968,11479,16.0143854453142,21.4195049714407,4.65900802334063,8202,9579,10055,16.7885881492319,22.5920507193367,4.96920346591502,2843,3163,3499,11.2557157931762,23.0742173760113,10.6228264306039,1253,1397,1547,11.4924181963288,23.463687150838,10.7372942018611,1590,1766,1952,11.0691823899371,22.7672955974843,10.5322763306908,598,739,833,23.5785953177258,39.2976588628763,12.7198917456022,129,132,135,2.32558139534884,4.65116279069767,2.27272727272727,136,141,145,3.67647058823529,6.61764705882353,2.83687943262411
"22007","Assumption",23388,15473,7330,288,0.3134,0.0123,8217,5513,0.3291,0.0546,0.0082,36052,19724,26375,43811,0.4006,0.3608,0.106,0.2183,0.1272,0.0513,0.0309,56400,105800,83400,NA,-0.48,22859,23065,22991,0.901176779386675,0.577453081937093,-0.320832430088879,15014,14932,14915,-0.546156920207806,-0.65938457439723,-0.113849450843825,7674,7639,7621,-0.456085483450612,-0.690643732082356,-0.2356329362482,7340,7293,7294,-0.64032697547684,-0.626702997275204,0.0137117784176608,7284,7552,7475,3.67929708951126,2.62218561230093,-1.01959745762712,3848,3992,3955,3.74220374220374,2.78066528066528,-0.92685370741483,3436,3560,3520,3.60884749708964,2.44470314318976,-1.12359550561798,312,321,332,2.88461538461538,6.41025641025641,3.42679127725857,136,137,141,0.735294117647059,3.67647058823529,2.91970802919708,176,184,191,4.54545454545455,8.52272727272727,3.80434782608696,53,56,58,5.66037735849057,9.43396226415094,3.57142857142857,49,50,51,2.04081632653061,4.08163265306122,2,29,30,31,3.44827586206897,6.89655172413793,3.33333333333333
"22009","Avoyelles",41481,28134,12235,328,0.295,0.0079,14749,9776,0.3372,0.0482,0.0054,29389,14676,33750,35379,0.4788,0.2708,0.1294,0.2595,0.1195,0.0748,0.0263,40600,72500,58800,NA,0.77,41344,42332,42169,2.38970588235294,1.99545278637771,-0.385051497684966,27681,27874,27711,0.697229146345869,0.108377587514902,-0.584774341680419,14234,14331,14242,0.681466910214978,0.0562034565125755,-0.621031330681739,13447,13543,13469,0.713913884137726,0.163605265114896,-0.546407738314997,12471,13218,13210,5.98989656001925,5.92574773474461,-0.0605235285217128,6180,6581,6570,6.48867313915858,6.31067961165049,-0.167147849870840,6291,6637,6640,5.49992052137975,5.54760769353044,0.0452011450956758,353,375,375,6.23229461756374,6.23229461756374,0,182,192,192,5.49450549450549,5.49450549450549,0,171,183,183,7.01754385964912,7.01754385964912,0,86,97,96,12.7906976744186,11.6279069767442,-1.03092783505155,233,235,235,0.858369098712446,0.858369098712446,0,243,244,246,0.411522633744856,1.23456790123457,0.819672131147541
"22011","Beauregard",32986,27527,3933,554,0.1192,0.0168,12130,11223,0.0748,0.0044,0.0111,37886,24452,39444,39255,0.2665,0.0439,0.1128,0.1559,0.0408,0,0.0416,47000,63500,68300,NA,0.6,34264,34720,34776,1.33084286714919,1.49427971048331,0.161290322580645,28097,28210,28190,0.402178168487739,0.330996191764245,-0.0708968450903935,14092,14152,14129,0.425773488504116,0.262560317910871,-0.162521198417185,14005,14058,14061,0.378436272759729,0.399857193859336,0.0213401621852326,4624,4881,4866,5.55795847750865,5.23356401384083,-0.307314074984634,2218,2352,2345,6.0414788097385,5.7258791704238,-0.297619047619048,2406,2529,2521,5.11221945137157,4.77971737323358,-0.316330565440886,646,705,772,9.13312693498452,19.5046439628483,9.50354609929078,307,338,370,10.0977198697068,20.5211726384365,9.46745562130178,339,367,402,8.25958702064897,18.5840707964602,9.53678474114441,242,261,272,7.85123966942149,12.3966942148760,4.21455938697318,122,121,122,-0.819672131147541,0,0.826446280991736,122,122,124,0,1.63934426229508,1.63934426229508
"22013","Bienville",15752,8588,6923,116,0.4395,0.0074,6106,5879,0.0372,0.0018,0.0041,30241,19052,31250,37932,0.3696,0.1,0.1096,0.2608,0.0658,0.0667,0.0173,35300,55000,55800,NA,-1.64,15002,14896,14907,-0.706572457005733,-0.633248900146647,0.0738453276047261,8359,8213,8206,-1.74662040913985,-1.83036248355066,-0.0852307317667113,4247,4184,4184,-1.48340004709206,-1.48340004709206,0,4112,4029,4022,-2.01848249027237,-2.18871595330739,-0.173740382228841,6347,6377,6383,0.472664250827162,0.567197100992595,0.094088129214364,3414,3439,3448,0.73227885178676,0.995899238429994,0.261703983716197,2933,2938,2935,0.170473917490624,0.0681895669962496,-0.102110279101430,125,132,138,5.6,10.4,4.54545454545455,57,61,64,7.01754385964912,12.2807017543860,4.91803278688525,68,71,74,4.41176470588235,8.8235294117647,4.22535211267606,27,27,27,0,0,0,26,26,25,0,-3.84615384615385,-3.84615384615385,22,22,22,0,0,0
"22015","Bossier",98310,71755,20232,3105,0.2058,0.0316,36671,33435,0.0882,0.0101,0.0248,45542,23563,43606,50476,0.3132,0.1083,0.0569,0.1374,0.0838,0.1617,0.0184,59000,88400,91300,NA,1.45,105341,107653,108705,2.19477696243628,3.19343845226455,0.977213825903598,74950,75784,76416,1.11274182788526,1.95597064709807,0.833949118547451,37961,38337,38659,0.99049023998314,1.83872922209636,0.839919659858622,36989,37447,37757,1.23820595312120,2.07629295195869,0.82783667583518,22591,23604,23715,4.48408658315258,4.97543269443584,0.470259278088460,11916,12403,12463,4.08694192682108,4.59046659953004,0.483753930500685,10675,11201,11252,4.92740046838408,5.40515222482436,0.455316489599143,3876,4184,4408,7.94633642930857,13.7254901960784,5.35372848948375,1761,1896,2002,7.66609880749574,13.6854060193072,5.59071729957806,2115,2288,2406,8.17966903073286,13.7588652482270,5.15734265734266,1575,1673,1704,6.22222222222222,8.19047619047619,1.85295875672445,280,280,281,0,0.357142857142857,0.357142857142857,301,301,298,0,-0.996677740863787,-0.996677740863787
"22017","Caddo",252161,131547,111962,3518,0.444,0.014,98066,91928,0.0626,0.0054,0.015,38872,24158,34042,50958,0.3159,0.1687,0.0649,0.2111,0.0955,0.145,0.0213,44800,86800,88600,NA,-0.98,250411,253469,252609,1.22119235976055,0.877756967545355,-0.339291984424131,125385,123886,122831,-1.19551780516011,-2.03692626709734,-0.851589364415672,64938,64089,63501,-1.30740090547907,-2.21287997782500,-0.917474137527501,60447,59797,59330,-1.07532218306947,-1.84789981305937,-0.780975634229142,115273,119367,119239,3.55156888430075,3.44052813755173,-0.107232317139578,61776,63977,63894,3.56287231287231,3.42851592851593,-0.129734123200525,53497,55390,55345,3.5385161784773,3.45439931211096,-0.0812421014623578,4078,4304,4524,5.54193231976459,10.9367336929868,5.11152416356877,1870,1971,2068,5.40106951871658,10.5882352941176,4.92135971588026,2208,2333,2456,5.66123188405797,11.2318840579710,5.27218174024861,2311,2435,2446,5.36564257897014,5.84162700129814,0.451745379876797,553,560,571,1.26582278481013,3.25497287522604,1.96428571428571,572,581,584,1.57342657342657,2.09790209790210,0.516351118760757
"22019","Calcasieu",183577,133607,43197,3166,0.2353,0.0172,68757,58029,0.156,0.0152,0.0137,41903,25410,39779,47615,0.2966,0.2188,0.0764,0.1543,0.0804,0.1186,0.0338,56400,84500,86400,NA,-1.17,184549,183426,184512,-0.608510476892316,-0.0200488759082954,0.592064374734225,132602,130844,131398,-1.32577185864467,-0.907980271790772,0.423404970804928,67686,66843,67100,-1.24545696303519,-0.86576249150489,0.384483042352976,64916,64001,64298,-1.40951383326145,-0.951999507055271,0.464055249136732,45481,45868,46105,0.850904773421868,1.37200149512983,0.516700095927444,23658,23863,23994,0.866514498266971,1.42023839715952,0.548967020072916,21823,22005,22111,0.833982495532237,1.31970856435870,0.481708702567598,2719,2887,3111,6.1787421846267,14.4170650974623,7.75891929338414,1303,1380,1481,5.90943975441289,13.6607828089025,7.31884057971014,1416,1507,1630,6.42655367231638,15.1129943502825,8.16191108161911,1428,1500,1515,5.04201680672269,6.09243697478992,1,305,297,296,-2.62295081967213,-2.95081967213115,-0.336700336700337,336,329,333,-2.08333333333333,-0.892857142857143,1.21580547112462
"22021","Caldwell",10560,8399,1896,159,0.1795,0.0151,3925,3698,0.0578,0.0028,0.0064,33653,16976,26250,36909,0.4198,0,0.1362,0.2125,0.0588,0,0.026,33400,52000,57900,NA,-1.17,10398,10359,10307,-0.375072129255626,-0.875168301596461,-0.501978955497635,8247,8146,8109,-1.22468776524797,-1.67333575845762,-0.45421065553646,4157,4106,4083,-1.22684628337744,-1.78012990137118,-0.560155869459328,4090,4040,4026,-1.22249388753056,-1.56479217603912,-0.346534653465347,1861,1920,1898,3.17033852767329,1.98817839871037,-1.14583333333333,840,867,855,3.21428571428571,1.78571428571429,-1.3840830449827,1021,1053,1043,3.13418217433888,2.15475024485798,-0.949667616334283,162,165,167,1.85185185185185,3.08641975308642,1.21212121212121,80,82,83,2.5,3.75,1.21951219512195,82,83,84,1.21951219512195,2.4390243902439,1.20481927710843,15,15,15,0,0,0,25,25,25,0,0,0,25,25,25,0,0,0
"22023","Cameron",9991,9266,354,207,0.0354,0.0207,3592,2690,0.2511,0.0192,0.0156,39663,18295,24531,40720,0.4588,0.0426,0.0811,0.1235,0.0751,0.36,0.0645,39700,85000,61100,NA,-19.17,9571,7705,7414,-19.4963953609863,-22.5368300073138,-3.77676833225178,8725,7068,6759,-18.9914040114613,-22.5329512893983,-4.37181663837012,4345,3492,3330,-19.6317606444189,-23.3601841196778,-4.63917525773196,4380,3576,3429,-18.3561643835616,-21.7123287671233,-4.11073825503356,423,283,290,-33.096926713948,-31.4420803782506,2.47349823321555,205,139,143,-32.1951219512195,-30.2439024390244,2.87769784172662,218,144,147,-33.9449541284404,-32.5688073394495,2.08333333333333,278,209,220,-24.8201438848921,-20.863309352518,5.26315789473684,124,91,96,-26.6129032258065,-22.5806451612903,5.49450549450549,154,118,124,-23.3766233766234,-19.4805194805195,5.08474576271186,47,47,47,0,0,0,19,19,19,0,0,0,20,20,20,0,0,0
"22025","Catahoula",10920,7798,2986,44,0.2734,0.004,4088,3927,0.0394,0.0029,8e-04,27206,16850,16500,31224,0.4472,0,0.1627,0.2814,0.0774,0,0.0367,29300,45000,55900,NA,-0.76,10270,10396,10452,1.22687439143135,1.77215189873418,0.538668718737976,7272,7215,7284,-0.783828382838284,0.165016501650165,0.956340956340956,3643,3619,3645,-0.65879769420807,0.0548998078506725,0.718430505664548,3629,3596,3639,-0.909341416368145,0.275558004960044,1.19577308120133,2832,3013,3001,6.39124293785311,5.96751412429379,-0.398274145370063,1378,1469,1458,6.60377358490566,5.8055152394775,-0.748808713410483,1454,1544,1543,6.1898211829436,6.12104539202201,-0.0647668393782383,74,75,75,1.35135135135135,1.35135135135135,0,32,32,32,0,0,0,42,43,43,2.38095238095238,2.38095238095238,0,14,15,15,7.14285714285714,7.14285714285714,0,12,12,12,0,0,0,9,9,9,0,0,0
"22027","Claiborne",16851,8686,7938,143,0.4711,0.0085,6288,6048,0.0382,0.003,0.0036,32225,17294,30500,41772,0.3936,0.1,0.0865,0.2652,0.0755,0,0.0337,34600,35600,67200,NA,-0.32,16313,16441,16283,0.784650278918654,-0.183902409121560,-0.961012103886625,8258,8230,8147,-0.339065148946476,-1.34415112618067,-1.00850546780073,4087,4065,4025,-0.538292145828236,-1.51700513824321,-0.984009840098401,4171,4165,4122,-0.143850395588588,-1.17477823064013,-1.03241296518607,7817,7966,7876,1.90610208519893,0.754765255212997,-1.12980165704243,3733,3757,3703,0.642914545941602,-0.803643182427002,-1.43731700825126,4084,4209,4173,3.06072477962782,2.17923604309500,-0.855310049893086,81,82,85,1.23456790123457,4.93827160493827,3.65853658536585,39,40,41,2.56410256410256,5.12820512820513,2.5,42,42,44,0,4.76190476190476,4.76190476190476,18,19,20,5.55555555555556,11.1111111111111,5.26315789473684,14,14,14,0,0,0,12,12,12,0,0,0
"22029","Concordia",20247,12136,7603,283,0.3755,0.014,7538,7164,0.0496,0.0041,0.0128,28629,14320,29063,36241,0.4744,0.0323,0.127,0.2911,0.0845,0.1373,0.0239,34700,102500,62800,NA,-0.91,18949,19225,19058,1.45654124228191,0.575228244234524,-0.868660598179454,11084,10953,10816,-1.18188379646337,-2.41789967520751,-1.25079886789008,5687,5610,5540,-1.35396518375242,-2.58484262352734,-1.24777183600713,5397,5343,5276,-1.00055586436909,-2.24198628867890,-1.25397716638593,7406,7783,7746,5.09046718876587,4.59087226573049,-0.475395091866889,3840,4035,4014,5.078125,4.53125,-0.520446096654275,3566,3748,3732,5.10375771172182,4.65507571508693,-0.426894343649947,236,264,267,11.8644067796610,13.1355932203390,1.13636363636364,73,84,86,15.0684931506849,17.8082191780822,2.38095238095238,163,180,181,10.4294478527607,11.0429447852761,0.555555555555556,70,72,73,2.85714285714286,4.28571428571429,1.38888888888889,18,18,18,0,0,0,19,19,19,0,0,0
"22031","De Soto",25494,14053,10488,492,0.4114,0.0193,9680,9149,0.0549,0.0023,0.0097,33196,20550,25500,42700,0.3741,0.3727,0.1092,0.2506,0.074,0.2647,0.0194,40200,84100,69000,NA,0.22,25977,26061,26269,0.323362974939369,1.12407129383686,0.798127470166149,14663,14675,14817,0.0818386414785515,1.05026256564141,0.96763202725724,7459,7462,7531,0.0402198686150959,0.9652768467623,0.924685071026534,7204,7213,7286,0.124930594114381,1.13825652415325,1.01206155552475,10550,10592,10615,0.398104265402844,0.616113744075829,0.21714501510574,5761,5782,5782,0.364520048602673,0.364520048602673,0,4789,4810,4833,0.438504907078722,0.91877218626018,0.478170478170478,406,427,457,5.17241379310345,12.5615763546798,7.02576112412178,185,197,211,6.48648648648649,14.0540540540541,7.10659898477157,221,230,246,4.07239819004525,11.3122171945701,6.95652173913043,38,41,45,7.89473684210526,18.4210526315789,9.7560975609756,64,65,65,1.5625,1.5625,0,70,72,72,2.85714285714286,2.85714285714286,0
"22033","East Baton Rouge",412852,227677,163054,7704,0.3949,0.0187,156521,139703,0.1074,0.0136,0.0375,47480,27489,42917,63018,0.2687,0.172,0.0385,0.1787,0.0932,0.0861,0.0149,66900,95100,118600,NA,0.26,412196,431278,430317,4.62935108540597,4.39620957020447,-0.222826112159674,214118,213789,211067,-0.153653592878693,-1.42491523365621,-1.27321798595812,109623,109380,107819,-0.221668810377384,-1.64564005728725,-1.42713475955385,104495,104409,103248,-0.0823005885449065,-1.19335853390114,-1.11197310576674,174898,192238,193332,9.91435007833137,10.5398575169527,0.569086236852235,93284,102504,103033,9.88379572059517,10.4508811800523,0.516077421368922,81614,89734,90299,9.94927340897395,10.6415565956821,0.629638709965008,8652,9551,10065,10.3906611188165,16.3314840499307,5.38163543084494,4058,4486,4700,10.5470675209463,15.8206012814194,4.77039679001337,4594,5065,5365,10.2525032651284,16.7827601218981,5.92300098716683,9957,10589,10527,6.34729336145425,5.72461584814703,-0.585513268486165,465,485,514,4.30107526881720,10.5376344086022,5.97938144329897,528,556,570,5.3030303030303,7.95454545454545,2.51798561151079
"22035","East Carroll",9421,2925,6323,116,0.6712,0.0123,2968,2805,0.0549,0.0027,0.0088,24554,16299,11827,36321,0.4869,0.6667,0.0824,0.4046,0.112,0.2353,0.0168,27900,32800,50400,NA,-5.37,8467,8319,8302,-1.7479626786347,-1.9487421755049,-0.204351484553432,2627,2482,2448,-5.51960411115341,-6.81385610963076,-1.36986301369863,1276,1198,1188,-6.1128526645768,-6.89655172413793,-0.834724540901502,1351,1284,1260,-4.95928941524796,-6.73575129533679,-1.86915887850467,5686,5682,5700,-0.0703482237073514,0.24621878297573,0.316789862724393,2765,2761,2770,-0.144665461121157,0.180831826401447,0.325968851865266,2921,2921,2930,0,0.30811365970558,0.30811365970558,72,72,72,0,0,0,33,33,33,0,0,0,39,39,39,0,0,0,36,36,35,0,-2.77777777777778,-2.77777777777778,11,11,11,0,0,0,6,6,6,0,0,0
"22037","East Feliciana",21360,10973,10037,130,0.4699,0.0061,6687,6301,0.0577,0.006,0.0057,37278,23203,36786,49583,0.3324,0.3056,0.0759,0.2301,0.1227,0.25,0.0335,55100,47500,89900,NA,0.84,20557,21017,20833,2.23768059541762,1.34260835725057,-0.875481752866727,11002,11087,11074,0.772586802399564,0.654426467914925,-0.117254442139443,5262,5290,5286,0.532117065754466,0.456100342075257,-0.0756143667296786,5740,5797,5788,0.993031358885017,0.83623693379791,-0.155252716922546,9205,9562,9380,3.87832699619772,1.90114068441065,-1.90336749633968,4162,4280,4184,2.83517539644402,0.528592023065834,-2.24299065420561,5043,5282,5196,4.73924251437636,3.03390838786437,-1.62817114729269,130,138,141,6.15384615384615,8.46153846153846,2.17391304347826,57,59,60,3.50877192982456,5.26315789473684,1.69491525423729,73,79,81,8.21917808219178,10.9589041095890,2.53164556962025,69,70,72,1.44927536231884,4.34782608695652,2.85714285714286,20,20,20,0,0,0,17,17,17,0,0,0
"22039","Evangeline",35434,24763,10010,298,0.2825,0.0084,12769,6861,0.4627,0.0834,0.0063,27243,12456,17857,34322,0.5555,0.3676,0.1721,0.3223,0.1416,0,0.05,39600,44400,56700,NA,0.37,35227,35675,35905,1.27175178130411,1.92466006188435,0.644709180098108,24118,24200,24361,0.339995024463057,1.00754623103077,0.665289256198347,12212,12250,12330,0.311169341631182,0.966262692433672,0.653061224489796,11906,11950,12031,0.369561565597178,1.04989081135562,0.677824267782427,10424,10770,10805,3.31926323867997,3.65502686108979,0.324976787372331,5076,5271,5299,3.84160756501182,4.39322301024429,0.531208499335989,5348,5499,5506,2.82348541510845,2.95437546746447,0.127295871976723,310,319,335,2.90322580645161,8.06451612903226,5.01567398119122,131,136,142,3.81679389312977,8.3969465648855,4.41176470588235,179,183,193,2.23463687150838,7.82122905027933,5.46448087431694,118,126,135,6.77966101694915,14.4067796610169,7.14285714285714,48,48,49,0,2.08333333333333,2.08333333333333,47,47,48,0,2.12765957446809,2.12765957446809
"22041","Franklin",21263,14170,6650,87,0.3127,0.0041,7789,7504,0.0366,0.0019,0.006,27440,14103,24750,32450,0.5136,0.1538,0.1223,0.2844,0.1223,0.1579,0.0294,34200,87500,53000,NA,-1.43,20170,20091,20060,-0.391670798215171,-0.545364402578086,-0.154297944353193,13532,13333,13345,-1.47058823529412,-1.38190954773869,0.0900022500562514,7010,6901,6903,-1.55492154065621,-1.52639087018545,0.0289813070569483,6522,6432,6442,-1.37994480220791,-1.22661760196259,0.155472636815920,6289,6401,6347,1.78088726347591,0.92224519001431,-0.843618184658647,3374,3430,3401,1.65975103734440,0.80023710729105,-0.845481049562682,2915,2971,2946,1.92109777015437,1.06346483704974,-0.841467519353753,128,131,135,2.34375,5.46875,3.05343511450382,55,55,57,0,3.63636363636364,3.63636363636364,73,76,78,4.10958904109589,6.84931506849315,2.63157894736842,37,39,40,5.40540540540541,8.10810810810811,2.56410256410256,28,28,30,0,7.14285714285714,7.14285714285714,31,31,32,0,3.2258064516129,3.2258064516129
"22043","Grant",18698,15934,2173,125,0.1162,0.0067,7056,6683,0.0529,0.0026,0.0053,34878,15851,42656,36411,0.4245,0,0.1362,0.2148,0.0748,0.1739,0.0277,36500,65000,60400,NA,1.64,19296,19713,19758,2.16106965174129,2.39427860696517,0.228275757114594,16327,16593,16637,1.62920316040914,1.89869541250689,0.265172060507443,8239,8385,8411,1.77205971598495,2.08763199417405,0.310077519379845,8088,8208,8226,1.48367952522255,1.70623145400593,0.219298245614035,2265,2393,2367,5.65121412803532,4.50331125827815,-1.08650229837025,1224,1285,1268,4.98366013071895,3.59477124183007,-1.32295719844358,1041,1108,1099,6.43611911623439,5.57156580211335,-0.812274368231047,210,215,219,2.38095238095238,4.28571428571429,1.86046511627907,99,101,103,2.02020202020202,4.04040404040404,1.98019801980198,111,114,116,2.70270270270270,4.5045045045045,1.75438596491228,55,61,68,10.9090909090909,23.6363636363636,11.4754098360656,94,96,99,2.12765957446809,5.31914893617021,3.125,82,83,85,1.21951219512195,3.65853658536585,2.40963855421687
"22045","Iberia",73266,47109,21967,1062,0.2998,0.0145,25319,18725,0.2604,0.0297,0.0203,36017,19386,31667,42722,0.4217,0.1868,0.1132,0.2355,0.1322,0.1684,0.0453,55700,82700,80000,NA,0.06,73654,74690,74965,1.40657669644554,1.77994406278003,0.368188512518409,46701,46702,46675,0.00214128177126828,-0.0556733260529753,-0.057813369877093,23931,23926,23904,-0.0208934018636914,-0.112824370063934,-0.0919501797208058,22770,22776,22771,0.0263504611330698,0.00439174352217830,-0.021952932911837,23316,24234,24402,3.937210499228,4.65774575398868,0.693240901213172,12495,13003,13088,4.0656262505002,4.74589835934374,0.653695301084365,10821,11231,11314,3.78892893447925,4.5559560114592,0.739025910426498,1113,1139,1206,2.33602875112309,8.35579514824798,5.88235294117647,509,520,547,2.16110019646365,7.4656188605108,5.19230769230769,604,619,659,2.48344370860927,9.10596026490066,6.46203554119548,1566,1643,1691,4.91698595146871,7.98212005108557,2.92148508825320,124,126,126,1.61290322580645,1.61290322580645,0,153,153,154,0,0.65359477124183,0.65359477124183
"22047","Iberville",33320,16244,16438,429,0.4933,0.0129,10672,9683,0.0927,0.0052,0.0068,34100,21521,33438,46227,0.3589,0.165,0.0697,0.2311,0.104,0.1029,0.0275,59700,77900,87900,NA,-0.24,32229,32847,32501,1.91752769245090,0.843960408327903,-1.05336864858282,15653,15595,15452,-0.370535999488916,-1.28409889478055,-0.916960564283424,7889,7863,7790,-0.329572822917987,-1.25491190264926,-0.928398829963118,7764,7732,7662,-0.412158681092220,-1.31375579598145,-0.90532850491464,15988,16636,16424,4.05303977983488,2.72704528396297,-1.27434479442174,7958,8308,8199,4.39808997235486,3.02839909525006,-1.31198844487241,8030,8328,8225,3.71108343711083,2.42839352428394,-1.23679154658982,291,311,316,6.87285223367698,8.59106529209622,1.60771704180064,157,166,169,5.73248407643312,7.64331210191083,1.80722891566265,134,145,147,8.2089552238806,9.70149253731343,1.37931034482759,97,100,96,3.09278350515464,-1.03092783505155,-4,27,28,29,3.70370370370370,7.40740740740741,3.57142857142857,33,33,34,0,3.03030303030303,3.03030303030303
"22049","Jackson",15397,10879,4312,43,0.2801,0.0028,6114,5891,0.0365,3e-04,0.0045,36317,21557,24583,41664,0.3706,0,0.0852,0.1984,0.0803,0.6,0.0241,44700,47500,56700,NA,0.48,15068,15265,15139,1.30740642421025,0.471197239182373,-0.825417622011137,10691,10738,10653,0.43962211205687,-0.355439154428959,-0.791581300055876,5498,5519,5480,0.381957075300109,-0.327391778828665,-0.70664975539047,5193,5219,5173,0.500673984209513,-0.385133834007318,-0.881394903238168,4091,4233,4187,3.47103397702273,2.34661451967734,-1.08669974013702,2260,2333,2308,3.23008849557522,2.12389380530973,-1.07158165452207,1831,1900,1879,3.76843255051884,2.62151829601311,-1.10526315789474,136,141,144,3.67647058823529,5.88235294117647,2.12765957446809,63,65,66,3.17460317460317,4.76190476190476,1.53846153846154,73,76,78,4.10958904109589,6.84931506849315,2.63157894736842,40,41,40,2.5,0,-2.4390243902439,20,20,20,0,0,0,28,28,28,0,0,0
"22051","Jefferson",455466,298244,103335,32227,0.2269,0.0708,176424,147868,0.1619,0.0265,0.0748,45834,27747,38940,52466,0.271,0.1178,0.0555,0.1365,0.1158,0.1623,0.0216,74800,95100,116000,NA,-5.92,449640,420891,423520,-6.39378169202028,-5.8090917178187,0.624627278796648,272757,255970,250535,-6.15456248602236,-8.14717862419663,-2.12329569871469,141358,133133,130105,-5.81855996830742,-7.96063894508977,-2.27441731201130,131399,122837,120430,-6.5160313244393,-8.3478565285885,-1.95950731457134,118509,108866,114472,-8.13693474757191,-3.40649233391557,5.14944978230118,63257,57817,60784,-8.59983875302338,-3.90944875665934,5.13170866700105,55252,51049,53688,-7.60696445377543,-2.83066676319409,5.16954298810946,35318,33879,36084,-4.07440964947052,2.16886573418653,6.50845656601435,17849,17220,18207,-3.52400694716791,2.00571460586027,5.73170731707317,17469,16659,17877,-4.63678516228748,2.33556585952258,7.31136322708446,15402,14996,14989,-2.63602129593559,-2.68146993896897,-0.0466791144305148,1120,1019,1063,-9.01785714285714,-5.08928571428571,4.31795878312071,1192,1055,1097,-11.4932885906040,-7.96979865771812,3.98104265402844
"22053","Jefferson Davis",31435,25118,5407,402,0.172,0.0128,11519,7937,0.311,0.03,0.0058,33129,20608,35833,36192,0.3797,0.4342,0.1364,0.2087,0.078,0.2535,0.0365,46400,36400,62900,NA,0.51,30930,31257,31177,1.05722599418041,0.79857743291303,-0.255942668842179,24641,24762,24722,0.491051499533298,0.328720425307414,-0.161537840239076,12758,12830,12792,0.564351779275749,0.266499451324659,-0.296180826188620,11883,11932,11930,0.412353782714803,0.395523016073382,-0.0167616493462957,5469,5651,5580,3.32784786981167,2.02962150301701,-1.25641479384180,2911,3005,2963,3.22913088285812,1.78632772243215,-1.39767054908486,2558,2646,2617,3.44018764659891,2.30648944487881,-1.09599395313681,334,341,356,2.09580838323353,6.58682634730539,4.39882697947214,158,161,164,1.89873417721519,3.79746835443038,1.86335403726708,176,180,192,2.27272727272727,9.0909090909091,6.66666666666667,85,91,96,7.05882352941176,12.9411764705882,5.49450549450549,71,72,74,1.40845070422535,4.22535211267606,2.77777777777778,80,82,85,2.5,6.25,3.65853658536585
"22055","Lafayette",190503,137867,44926,3400,0.2358,0.0178,72412,51854,0.2839,0.0294,0.025,45158,23114,45071,52226,0.309,0.1519,0.0604,0.1572,0.1236,0.1175,0.0244,57900,111900,111000,NA,1.39,197428,203457,204843,3.05377150150941,3.75579958263266,0.68122502543535,139191,140900,141678,1.22780926927747,1.78675345388710,0.552164655784244,70939,71829,72184,1.25459902169470,1.75502896855044,0.494229350262429,68252,69071,69494,1.19996483619528,1.81972689444998,0.612413313836487,49302,52985,53184,7.47028518112855,7.8739199221127,0.375577993771822,25931,27893,27974,7.56623346573599,7.87860090239482,0.290395439716058,23371,25092,25210,7.36382696504215,7.86872619913568,0.470269408576439,3978,4261,4548,7.114127702363,14.3288084464555,6.73550809669092,1938,2086,2224,7.63673890608875,14.7574819401445,6.61553211888782,2040,2175,2324,6.61764705882353,13.921568627451,6.85057471264368,2739,2951,3015,7.74005111354509,10.0766703176342,2.16875635377838,270,281,288,4.07407407407407,6.66666666666667,2.49110320284698,318,327,329,2.83018867924528,3.45911949685535,0.611620795107034
"22057","Lafourche",89974,73973,11201,1464,0.1245,0.0163,32093,20890,0.3491,0.043,0.0148,40504,16035,33500,43798,0.4597,0.1678,0.088,0.1653,0.1356,0.225,0.042,55200,98800,80400,NA,0.95,91433,92878,92713,1.58039219975282,1.39993219078451,-0.177652404229204,74178,74785,74511,0.818301922402869,0.448920165008493,-0.3663836330815,37875,38210,38048,0.884488448844885,0.456765676567657,-0.423972781994242,36303,36575,36463,0.749249373330028,0.440734925488252,-0.30622009569378,12089,12794,12751,5.83174786996443,5.47605260981057,-0.336095044552134,6503,6882,6858,5.82807934799323,5.45901891434722,-0.3487358326068,5586,5912,5893,5.8360186179735,5.49588256355174,-0.321380243572395,1516,1631,1722,7.58575197889182,13.5883905013193,5.5793991416309,711,770,818,8.29817158931083,15.0492264416315,6.23376623376623,805,861,904,6.95652173913043,12.2981366459627,4.99419279907085,721,745,769,3.32871012482663,6.65742024965326,3.22147651006711,1024,1022,1028,-0.1953125,0.390625,0.587084148727984,1108,1103,1110,-0.451263537906137,0.180505415162455,0.634632819582956
"22059","La Salle",14282,12200,1757,115,0.123,0.0081,5288,5052,0.0446,8e-04,0.0064,36197,15000,27500,37236,0.4275,0.05,0.1289,0.1875,0.0531,0.1935,0.0138,29200,32500,55200,NA,0.92,13904,14046,14041,1.02128883774453,0.985327963176064,-0.0355973230813043,11778,11885,11864,0.908473425029716,0.730174902360333,-0.176693310896088,6045,6105,6087,0.99255583126551,0.694789081885856,-0.294840294840295,5733,5780,5777,0.819815105529391,0.767486481772196,-0.0519031141868512,1770,1795,1807,1.41242937853107,2.09039548022599,0.668523676880223,664,677,684,1.95783132530120,3.01204819277108,1.03397341211226,1106,1118,1123,1.08499095840868,1.53707052441230,0.447227191413238,120,123,122,2.5,1.66666666666667,-0.8130081300813,59,61,61,3.38983050847458,3.38983050847458,0,61,62,61,1.63934426229508,0,-1.61290322580645,25,25,24,0,-4,-4,58,59,60,1.72413793103448,3.44827586206897,1.69491525423729,48,49,50,2.08333333333333,4.16666666666667,2.04081632653061
"22061","Lincoln",42509,24216,16758,398,0.3942,0.0094,15249,14281,0.0635,0.008,0.0212,38972,20386,29792,49518,0.3851,0.2,0.0651,0.2648,0.0651,0.0748,0.0125,55100,82000,88600,NA,-1.71,42715,42580,42562,-0.316048226618284,-0.358187990167389,-0.0422733677782997,23928,23492,23583,-1.82213306586426,-1.44182547642929,0.387365911799762,11926,11719,11749,-1.73570350494717,-1.48415227234613,0.255994538783173,12002,11773,11834,-1.90801533077820,-1.39976670554908,0.518134715025907,17144,17482,17359,1.9715352309846,1.25408306112926,-0.70358082599245,9133,9291,9224,1.72999014562575,0.99638672944268,-0.721127973307502,8011,8191,8135,2.24691049806516,1.54787167644489,-0.68367720669027,567,583,601,2.82186948853616,5.99647266313933,3.08747855917667,260,269,277,3.46153846153846,6.53846153846154,2.97397769516729,307,314,324,2.28013029315961,5.53745928338762,3.18471337579618,669,605,582,-9.56651718983558,-13.0044843049327,-3.80165289256198,36,37,39,2.77777777777778,8.33333333333333,5.40540540540541,52,54,55,3.84615384615385,5.76923076923077,1.85185185185185
"22063","Livingston",91814,85780,3778,880,0.0411,0.0096,32654,30307,0.0719,0.0039,0.0076,44071,27127,34583,45141,0.2503,0.0933,0.0845,0.1137,0.065,0.0646,0.0405,71900,97500,97400,NA,4.7,107480,113275,116580,5.39170078154075,8.46669147748418,2.9176782167292,99152,103661,106141,4.5475633370986,7.0487736001291,2.39241373322657,50034,52351,53602,4.63085102130551,7.13115081744414,2.38963916639606,49118,51310,52539,4.46272242355145,6.96486013274156,2.39524459169752,5400,6341,6778,17.4259259259259,25.5185185185185,6.89165746727646,2852,3340,3569,17.1107994389902,25.1402524544180,6.8562874251497,2548,3001,3209,17.7786499215071,25.9419152276295,6.93102299233589,1505,1725,1951,14.6179401993355,29.6345514950166,13.1014492753623,734,844,950,14.9863760217984,29.4277929155313,12.5592417061611,771,881,1001,14.2671854734112,29.8313878080415,13.6208853575482,392,491,607,25.2551020408163,54.8469387755102,23.6252545824847,219,227,232,3.65296803652968,5.93607305936073,2.20264317180617,186,192,197,3.2258064516129,5.91397849462366,2.60416666666667
"22065","Madison",13728,5030,8355,288,0.6086,0.021,4459,4294,0.037,0,0.0046,23589,16204,31944,36069,0.4448,0.1,0.1256,0.3665,0.1226,0.0556,0.0117,27800,NA,57800,NA,-4.07,12105,11964,11858,-1.16480793060719,-2.04047914085089,-0.885991307255099,4404,4215,4188,-4.29155313351499,-4.90463215258856,-0.640569395017794,2239,2137,2117,-4.55560518088432,-5.44886109870478,-0.935891436593355,2165,2078,2071,-4.01847575057737,-4.34180138568129,-0.336862367661213,7332,7376,7291,0.600109110747409,-0.559192580469176,-1.15238611713666,3761,3781,3726,0.531773464504121,-0.930603562882212,-1.45464162919862,3571,3595,3565,0.672080649677961,-0.168020162419490,-0.834492350486787,186,188,190,1.07526881720430,2.15053763440860,1.06382978723404,76,77,78,1.31578947368421,2.63157894736842,1.29870129870130,110,111,112,0.909090909090909,1.81818181818182,0.9009009009009,20,20,20,0,0,0,11,11,11,0,0,0,9,9,9,0,0,0
"22067","Morehouse",31021,17172,13352,204,0.4304,0.0066,11410,11038,0.0326,0.0027,0.0035,31358,19161,31023,38832,0.3889,0.234,0.1013,0.2679,0.0879,0.1778,0.0297,32800,132100,61900,NA,-1.91,29440,29274,28783,-0.563858695652174,-2.23165760869565,-1.67725626836100,16033,15721,15396,-1.94598640304372,-3.97305557288093,-2.06729851790599,8210,8038,7875,-2.09500609013398,-4.08038976857491,-2.02786762876337,7823,7683,7521,-1.78959478460948,-3.86041160680046,-2.10855134713003,12979,13119,12947,1.07866553663610,-0.246552122659681,-1.31107553929415,6938,7014,6921,1.09541654655520,-0.245027385413664,-1.32591958939264,6041,6105,6026,1.05942724714451,-0.248303261049495,-1.29402129402129,171,174,178,1.75438596491228,4.09356725146199,2.29885057471264,73,75,77,2.73972602739726,5.47945205479452,2.66666666666667,98,99,101,1.02040816326531,3.06122448979592,2.02020202020202,71,71,70,0,-1.40845070422535,-1.40845070422535,19,19,19,0,0,0,25,26,26,4,4,0
"22069","Natchitoches",39080,22370,14746,486,0.3773,0.0124,14254,13481,0.0542,0.0055,0.0146,32816,19398,29559,42205,0.3954,0.1023,0.1013,0.2652,0.0904,0.0796,0.0226,50400,74500,84400,NA,-0.15,38803,39412,39485,1.56946627838054,1.75759606216014,0.185222774789404,22084,22040,22084,-0.199239268248506,0,0.199637023593466,11421,11409,11442,-0.105069608615708,0.183871815077489,0.289245332632133,10663,10631,10642,-0.300103160461409,-0.196942699052799,0.103470981093030,15177,15789,15785,4.03241747380905,4.00606180404560,-0.025334093356134,8067,8383,8379,3.91719350440064,3.86760877649684,-0.0477156149349875,7110,7406,7406,4.16315049226442,4.16315049226442,0,463,474,479,2.37580993520518,3.45572354211663,1.05485232067511,225,231,233,2.66666666666667,3.55555555555556,0.865800865800866,238,243,246,2.10084033613445,3.36134453781513,1.23456790123457,263,277,291,5.32319391634981,10.6463878326996,5.05415162454874,221,222,223,0.452488687782805,0.90497737556561,0.45045045045045,221,222,224,0.452488687782805,1.35746606334842,0.9009009009009
"22071","Orleans",484674,129215,322813,15032,0.666,0.031,188365,168104,0.1076,0.0174,0.0425,32338,25017,34077,62312,0.313,0.1694,0.0425,0.2794,0.1064,0.0925,0.0095,73700,86100,138500,NA,-43.67,453726,210198,239124,-53.6729215429576,-47.2977083085386,13.7613107641367,121856,68739,74491,-43.589975052521,-38.8696494222689,8.36788431603602,61466,34492,37268,-43.8844239091530,-39.3681059447499,8.04824307085701,60390,34247,37223,-43.2902798476569,-38.3623116410002,8.68981224632815,304268,126309,146631,-58.4875833147094,-51.8086029421431,16.0891147899200,165242,70869,81752,-57.1119933188899,-50.5258953534816,15.3565028432742,139026,55440,64879,-60.1225670018558,-53.3331894753499,17.0256132756133,11331,6285,7435,-44.5326979083929,-34.38354955432,18.2975338106603,5688,3168,3691,-44.3037974683544,-35.1090014064698,16.5088383838384,5643,3117,3744,-44.7634237107921,-33.652312599681,20.1154956689124,10929,6265,7273,-42.6754506359228,-33.4522829170098,16.0893854748603,623,321,373,-48.4751203852327,-40.1284109149278,16.1993769470405,612,317,374,-48.202614379085,-38.8888888888889,17.9810725552050
"22073","Ouachita",147250,93967,49475,1548,0.336,0.0105,55276,52333,0.0532,0.0063,0.0101,40206,21807,35938,49222,0.3595,0.2108,0.0696,0.2068,0.1167,0.1474,0.0198,46200,77800,90200,NA,-0.31,148289,149733,149502,0.973774184194377,0.81799728907741,-0.154274608803671,92499,92031,91748,-0.505951415690980,-0.811900669196424,-0.307505079810064,47898,47635,47450,-0.549083469038373,-0.935320890225062,-0.388369896084812,44601,44396,44298,-0.4596309499787,-0.679356965090469,-0.220740607261915,51315,52932,52909,3.15112540192926,3.10630419955179,-0.0434519761203053,27684,28544,28520,3.1064875018061,3.01979482733709,-0.0840807174887892,23631,24388,24389,3.20341923744234,3.20765096695019,0.00410037723470559,1902,2076,2113,9.14826498422713,11.0935856992639,1.78227360308285,863,936,954,8.45886442641947,10.5446118192352,1.92307692307692,1039,1140,1159,9.720885466795,11.5495668912416,1.66666666666667,1258,1351,1361,7.39268680445151,8.18759936406995,0.74019245003701,201,203,204,0.99502487562189,1.49253731343284,0.492610837438424,180,184,188,2.22222222222222,4.44444444444444,2.17391304347826
"22075","Plaquemines",26757,18401,6099,483,0.2279,0.0181,9001,7765,0.1373,0.0196,0.0278,42610,22873,35313,49509,0.3527,0.1393,0.0935,0.1803,0.1501,0.0515,0.0369,62400,71900,119500,NA,-22.22,28588,21625,21540,-24.356373303484,-24.6537008535050,-0.393063583815029,19182,14919,14640,-22.2239599624648,-23.6784485455114,-1.87009853207320,9571,7400,7252,-22.6831052136663,-24.2294431093930,-2,9611,7519,7388,-21.7667256268859,-23.1297471647071,-1.74225295917010,6735,4637,4791,-31.1507052709725,-28.8641425389755,3.3211127884408,3474,2365,2439,-31.9228554979850,-29.7927461139896,3.12896405919662,3261,2272,2352,-30.328120208525,-27.8748850045998,3.52112676056338,763,595,620,-22.0183486238532,-18.7418086500655,4.20168067226891,373,295,307,-20.9115281501340,-17.6943699731903,4.06779661016949,390,300,313,-23.0769230769231,-19.7435897435897,4.33333333333333,949,683,678,-28.0295047418335,-28.5563751317176,-0.732064421669107,310,276,277,-10.9677419354839,-10.6451612903226,0.36231884057971,284,242,247,-14.7887323943662,-13.0281690140845,2.06611570247934
"22077","Pointe Coupee",22763,13749,8616,234,0.3785,0.0103,8453,7365,0.1287,0.0146,0.0087,36625,19708,36250,45449,0.3762,0.0714,0.0918,0.2313,0.1023,0,0.0304,58100,96700,90900,NA,0.75,21828,22415,22392,2.68920652373099,2.58383727322705,-0.102609859469106,13288,13376,13392,0.662251655629139,0.78266104756171,0.119617224880383,6671,6725,6728,0.809473842002698,0.854444611002848,0.0446096654275093,6617,6651,6664,0.51382801873961,0.710291672963579,0.195459329424147,8068,8548,8488,5.9494298463064,5.2057511155181,-0.701918577445016,4308,4577,4541,6.24419684308264,5.40854224698236,-0.786541402665501,3760,3971,3947,5.61170212765957,4.97340425531915,-0.604381767816671,223,236,247,5.82959641255605,10.7623318385650,4.66101694915254,108,116,122,7.40740740740741,12.9629629629630,5.17241379310345,115,120,125,4.34782608695652,8.69565217391304,4.16666666666667,87,89,90,2.29885057471264,3.44827586206897,1.12359550561798,23,22,23,-4.34782608695652,0,4.54545454545455,32,33,34,3.125,6.25,3.03030303030303
"22079","Rapides",126337,83032,38660,1338,0.306,0.0106,47161,43454,0.0786,0.0067,0.0156,36671,21768,31346,43940,0.3576,0.2647,0.0845,0.2054,0.0758,0.1106,0.0192,48500,93200,82000,NA,0.41,127367,129994,130079,2.06254367300792,2.12927995477635,0.065387633275382,82549,82784,82832,0.284679402536675,0.342826684756932,0.0579822187862389,42727,42828,42826,0.236384487560559,0.231703606618766,-0.00466984215933501,39822,39956,40006,0.336497413490031,0.462056149866908,0.125137651416558,39292,41477,41343,5.56092843326886,5.21989208999287,-0.323070617450635,20751,21914,21827,5.60454917835285,5.18529227507108,-0.397006479875878,18541,19563,19516,5.51210830052317,5.25861604012729,-0.240249450493278,2137,2248,2373,5.19419747309312,11.0435189518016,5.56049822064057,965,1011,1063,4.76683937823834,10.1554404145078,5.14342235410485,1172,1237,1310,5.54607508532423,11.7747440273038,5.90137429264349,1266,1315,1327,3.87045813586098,4.81832543443918,0.91254752851711,485,487,488,0.412371134020619,0.618556701030928,0.205338809034908,484,488,490,0.826446280991736,1.23966942148760,0.409836065573771
"22081","Red River",9622,5518,3959,71,0.4115,0.0074,3409,3279,0.0381,0.0062,0.0045,27870,15635,25833,36410,0.5212,0.0833,0.1012,0.2986,0.1286,0,0.0231,33500,33800,56500,NA,-0.88,9217,9213,9195,-0.043398068785939,-0.238689378322665,-0.195376098990557,5169,5123,5118,-0.889920680982782,-0.986651189785258,-0.0975990630489947,2635,2617,2616,-0.683111954459203,-0.721062618595825,-0.0382116927779901,2534,2506,2502,-1.10497237569061,-1.26282557221784,-0.159616919393456,3881,3920,3900,1.00489564545220,0.489564545220304,-0.510204081632653,2115,2136,2124,0.99290780141844,0.425531914893617,-0.561797752808989,1766,1784,1776,1.01925254813137,0.566251415628539,-0.448430493273543,49,49,51,0,4.08163265306122,4.08163265306122,21,21,21,0,0,0,28,28,30,0,7.14285714285714,7.14285714285714,10,10,10,0,0,0,15,16,16,6.66666666666667,6.66666666666667,0,18,18,18,0,0,0
"22083","Richland",20981,12685,7940,211,0.3784,0.0101,7501,7221,0.0373,0,0.0051,29075,14476,33523,39475,0.4601,0.0392,0.1182,0.2792,0.115,0.0781,0.0265,37700,66000,66300,NA,0.54,20318,20473,20469,0.762870361256029,0.743183384191357,-0.0195379280027353,12289,12338,12339,0.398730572056311,0.406867930669705,0.00810504133571081,6459,6486,6484,0.418021365536461,0.387056819941167,-0.0308356460067838,5830,5852,5855,0.377358490566038,0.428816466552316,0.0512645249487355,7618,7701,7686,1.08952480966133,0.892622735626149,-0.194779898714453,4112,4149,4143,0.899805447470817,0.753891050583658,-0.144613159797542,3506,3552,3543,1.31203650884199,1.05533371363377,-0.253378378378378,230,248,250,7.82608695652174,8.69565217391304,0.806451612903226,115,126,127,9.56521739130435,10.4347826086957,0.793650793650794,115,122,123,6.08695652173913,6.95652173913043,0.819672131147541,41,43,45,4.8780487804878,9.7560975609756,4.65116279069767,20,20,21,0,5,5,19,19,20,0,5.26315789473684,5.26315789473684
"22085","Sabine",23459,16683,3816,649,0.1627,0.0277,9237,8732,0.0547,0.0043,0.0097,32470,16191,25000,36378,0.4502,0.259,0.1047,0.215,0.0982,0.0524,0.0238,34400,48300,65600,NA,0.22,23430,23600,23683,0.725565514297909,1.07981220657277,0.351694915254237,16597,16623,16699,0.156654817135627,0.614568897993613,0.457197858388979,8372,8390,8426,0.215002388915432,0.645007166746297,0.429082240762813,8225,8233,8273,0.0972644376899696,0.583586626139818,0.485849629539657,3905,4055,4031,3.84122919334187,3.22663252240717,-0.591861898890259,2115,2199,2179,3.97163120567376,3.02600472813239,-0.90950432014552,1790,1856,1852,3.68715083798883,3.46368715083799,-0.215517241379310,519,531,537,2.3121387283237,3.46820809248555,1.12994350282486,252,260,264,3.17460317460317,4.76190476190476,1.53846153846154,267,271,273,1.49812734082397,2.24719101123596,0.7380073800738,59,63,67,6.77966101694915,13.5593220338983,6.34920634920635,950,944,952,-0.631578947368421,0.210526315789474,0.847457627118644,885,888,901,0.338983050847458,1.80790960451977,1.46396396396396
"22087","St. Bernard",67229,56900,4573,3506,0.068,0.0522,25065,22362,0.1078,0.014,0.03,42785,22070,32897,45093,0.3186,0.1499,0.0873,0.1311,0.104,0.0827,0.029,64600,84000,85800,NA,-78.01,64683,13875,19826,-78.5492324103706,-69.3489788661627,42.8900900900901,52416,11302,15615,-78.4378815628816,-70.209478021978,38.1613873650681,27055,6172,8329,-77.1872112363704,-69.2145629273702,34.9481529488010,25361,5130,7286,-79.7720910058752,-71.2708489412878,42.0272904483431,6777,1020,2017,-84.9490925188136,-70.2375682455364,97.7450980392157,3549,532,1050,-85.0098619329389,-70.414201183432,97.3684210526316,3228,488,967,-84.8822800495663,-70.0433705080545,98.155737704918,3329,955,1398,-71.312706518474,-58.0054070291379,46.3874345549738,1657,502,709,-69.7042848521424,-57.2118286059143,41.2350597609562,1672,453,689,-72.9066985645933,-58.7918660287081,52.0971302428256,976,210,319,-78.483606557377,-67.3155737704918,51.9047619047619,178,53,60,-70.2247191011236,-66.2921348314607,13.2075471698113,189,67,72,-64.5502645502645,-61.9047619047619,7.46268656716418
"22089","St. Charles",48072,33949,11864,1364,0.2468,0.0284,16393,14441,0.1191,0.0115,0.0248,50562,28867,44875,58156,0.2403,0.1733,0.044,0.114,0.0965,0.1159,0.0196,77900,86900,113900,NA,2.47,50164,51969,52044,3.5981979108524,3.74770751933658,0.144316804248687,34117,34822,34500,2.06641850104054,1.12260749772841,-0.924702774108322,17190,17573,17397,2.22803955788249,1.20418848167539,-1.00153644795994,16927,17249,17103,1.90228628817865,1.03975896496721,-0.846425879761146,13474,14323,14611,6.30102419474544,8.43847409826332,2.01075193744327,7155,7582,7739,5.96785464709993,8.16212438853948,2.07069374835136,6319,6741,6872,6.67827187846178,8.751384712771,1.94333184987391,1546,1723,1794,11.4489003880983,16.0413971539457,4.12071967498549,760,850,884,11.8421052631579,16.3157894736842,4,786,873,910,11.0687022900763,15.7760814249364,4.23825887743414,468,525,550,12.1794871794872,17.5213675213675,4.76190476190476,74,75,76,1.35135135135135,2.70270270270270,1.33333333333333,82,85,89,3.65853658536585,8.53658536585366,4.70588235294118
"22091","St. Helena",10525,4862,5496,138,0.5222,0.0131,3865,3676,0.0489,0,0.0026,29950,19721,23393,41936,0.3897,0,0.0785,0.2683,0.0965,0.3077,0.0362,57200,121300,82700,NA,2.28,10183,10700,10620,5.07708926642443,4.29146616910537,-0.747663551401869,4644,4751,4748,2.30404823428079,2.23944875107666,-0.0631446011366028,2334,2400,2406,2.82776349614396,3.08483290488432,0.25,2310,2351,2342,1.77489177489177,1.38528138528139,-0.382815823054020,5323,5730,5640,7.64606424948337,5.95528837121924,-1.57068062827225,2819,3028,2980,7.41397658744236,5.71124512238382,-1.58520475561427,2504,2702,2660,7.9073482428115,6.23003194888179,-1.55440414507772,135,137,143,1.48148148148148,5.92592592592593,4.37956204379562,71,72,75,1.40845070422535,5.63380281690141,4.16666666666667,64,65,68,1.5625,6.25,4.61538461538461,11,12,13,9.0909090909091,18.1818181818182,8.33333333333333,5,5,5,0,0,0,5,5,5,0,0,0
"22093","St. James",21216,10539,10518,71,0.4958,0.0033,6999,6112,0.1267,0.0121,0.0021,41751,26131,41250,56085,0.3166,0.2143,0.0605,0.2069,0.1176,0.1429,0.0217,72700,81300,86000,NA,1.02,20982,21459,21578,2.27337718044038,2.84052997807645,0.554545878186309,10278,10356,10347,0.758902510215995,0.671336835960304,-0.0869061413673233,5150,5193,5181,0.83495145631068,0.601941747572815,-0.231080300404391,5128,5163,5166,0.682527301092044,0.741029641185647,0.0581057524694945,10433,10796,10920,3.47934438799962,4.66788076296367,1.14857354575769,5524,5708,5768,3.33091962346126,4.41708906589428,1.05115627189909,4909,5088,5152,3.64636382155225,4.95009166836423,1.25786163522013,154,182,186,18.1818181818182,20.7792207792208,2.19780219780220,71,84,86,18.3098591549296,21.1267605633803,2.38095238095238,83,98,100,18.0722891566265,20.4819277108434,2.04081632653061,18,18,18,0,0,0,10,10,10,0,0,0,10,10,10,0,0,0
"22095","St. John the Baptist",43044,21908,19153,1264,0.445,0.0294,14250,12795,0.1021,0.0093,0.0232,43925,31626,41696,52522,0.2503,0.1056,0.0554,0.1672,0.0969,0.2168,0.0217,74500,71000,90500,NA,0.58,45602,47693,47684,4.58532520503487,4.56558922854261,-0.0188706938125092,21685,21627,20863,-0.267465990315887,-3.79063869033894,-3.53262126046146,10947,10935,10538,-0.109619073718827,-3.73618342925002,-3.63054412437128,10738,10692,10325,-0.428385174147886,-3.84615384615385,-3.43247287691732,21541,23431,24076,8.7739659254445,11.7682558841279,2.75276343305877,11286,12296,12628,8.9491405280879,11.8908382066277,2.70006506180872,10255,11135,11448,8.58117991223793,11.6333495855680,2.81095644364616,1621,1814,1892,11.9062307217767,16.7180752621838,4.29988974641676,798,899,937,12.6566416040100,17.4185463659148,4.22691879866518,823,915,955,11.1786148238153,16.0388821385176,4.37158469945355,301,349,366,15.9468438538206,21.5946843853821,4.87106017191977,65,65,67,0,3.07692307692308,3.07692307692308,61,62,64,1.63934426229508,4.91803278688525,3.2258064516129
"22097","St. Landry",87700,49095,36867,655,0.4204,0.0075,32332,21894,0.3228,0.0462,0.0052,28908,17239,22083,37200,0.4322,0.375,0.1224,0.2928,0.1008,0.1754,0.037,45300,66000,67700,NA,1.04,88690,90764,91362,2.33848235426767,3.01274100800541,0.658851527037151,49646,50091,50478,0.896346130604681,1.67586512508561,0.772593879139965,25450,25699,25902,0.978388998035363,1.77603143418468,0.78991400443597,24196,24392,24576,0.810051248140188,1.57050752190445,0.754345687110528,37436,38948,39090,4.03889304412865,4.41820707340528,0.364588682345692,19917,20735,20807,4.10704423356931,4.46854445950695,0.347238967928623,17519,18213,18283,3.96141332267824,4.36097950796278,0.384340855432933,692,769,779,11.1271676300578,12.5722543352601,1.30039011703511,305,339,342,11.1475409836066,12.1311475409836,0.88495575221239,387,430,437,11.1111111111111,12.9198966408269,1.62790697674419,256,283,320,10.546875,25,13.0742049469965,76,76,77,0,1.31578947368421,1.31578947368421,63,64,66,1.58730158730159,4.76190476190476,3.125
"22099","St. Martin",48583,31761,15621,346,0.3215,0.0071,17121,8941,0.4778,0.0661,0.0093,36316,19042,50139,42127,0.388,0.1837,0.0965,0.2155,0.1023,0,0.048,53700,109700,78300,NA,1.89,50033,51221,51651,2.37443287430296,3.23386564867188,0.839499424064349,32993,33533,33951,1.63671081744612,2.90364622798776,1.24653326573823,16526,16800,17009,1.65799346484328,2.92266731211424,1.24404761904762,16467,16733,16942,1.61535191595312,2.88455699277343,1.24902886511684,15703,16242,16234,3.43246513405082,3.38151945488123,-0.049255017854944,8250,8535,8527,3.45454545454545,3.35757575757576,-0.0937316930287053,7453,7707,7707,3.40802361465182,3.40802361465182,0,375,465,470,24,25.3333333333333,1.07526881720430,179,219,222,22.3463687150838,24.0223463687151,1.36986301369863,196,246,248,25.5102040816327,26.5306122448980,0.8130081300813,530,537,542,1.32075471698113,2.26415094339623,0.931098696461825,78,79,81,1.28205128205128,3.84615384615385,2.53164556962025,78,79,80,1.28205128205128,2.56410256410256,1.26582278481013
"22101","St. Mary",53500,33053,16543,1448,0.3092,0.0271,19271,16186,0.1601,0.0188,0.0201,33064,18599,35588,40097,0.409,0.1711,0.1147,0.2361,0.0994,0.2087,0.0321,57300,65700,79100,NA,-0.37,50887,51649,51311,1.49743549433058,0.833218700257433,-0.654417316889001,31324,31145,30961,-0.571446813944579,-1.15885582939599,-0.590785037726762,15952,15880,15778,-0.451354062186560,-1.09077231695085,-0.642317380352645,15372,15265,15183,-0.696070778037991,-1.22950819672131,-0.537176547658041,16246,17099,16854,5.25052320571218,3.74245968238336,-1.43283232937599,8607,9071,8943,5.39096084582317,3.90379923318229,-1.41109028773013,7639,8028,7911,5.09228956669721,3.56067548108391,-1.45739910313901,1220,1277,1340,4.67213114754098,9.8360655737705,4.93343774471417,539,563,589,4.45269016697588,9.27643784786642,4.61811722912966,681,714,751,4.84581497797357,10.2790014684288,5.18207282913165,713,714,714,0.140252454417952,0.140252454417952,0,381,383,389,0.5249343832021,2.0997375328084,1.56657963446475,416,423,427,1.68269230769231,2.64423076923077,0.945626477541371
"22103","St. Tammany",191268,162632,18194,5078,0.0951,0.0265,69281,63074,0.0896,0.0054,0.0237,55346,31875,49219,58159,0.251,0.0683,0.0589,0.0972,0.0703,0.1014,0.0187,84800,124100,127600,NA,3,217551,224227,226625,3.06870572877164,4.17097600102964,1.06945193932934,179117,184122,184799,2.79426296778084,3.17222820837776,0.36769098749742,90822,93627,93952,3.08845874347625,3.4463015568915,0.347122090849862,88295,90495,90847,2.49164731864771,2.89031088963135,0.388971766395933,25795,26339,27340,2.10893584027912,5.9895328552045,3.80044800485971,13456,13704,14234,1.84304399524376,5.78180737217598,3.86748394629305,12339,12635,13106,2.39889780371181,6.2160628900235,3.72774040364068,6583,7156,7588,8.7042381892754,15.2665957770014,6.03689211850196,3312,3597,3798,8.60507246376812,14.6739130434783,5.58798999165972,3271,3559,3790,8.8046468969734,15.8667074289208,6.49058724360775,2413,2803,2891,16.1624533775383,19.8093659345213,3.13949339992865,535,553,568,3.36448598130841,6.16822429906542,2.7124773960217,533,547,562,2.62664165103189,5.44090056285178,2.74223034734918
"22105","Tangipahoa",100588,69090,28424,1425,0.2826,0.0142,36516,34189,0.0637,0.0055,0.0085,36731,19917,35556,43810,0.3961,0.2241,0.1029,0.2269,0.104,0.1702,0.0276,58100,68600,91900,NA,5.82,106253,113144,115398,6.4854639398417,8.60681580755367,1.99215159442834,72305,76293,77591,5.51552451421064,7.3106977387456,1.70133564022912,36894,38955,39589,5.58627419092535,7.30471079308289,1.62751893210114,35411,37338,38002,5.44181186636921,7.31693541554884,1.77834913492956,30735,33170,33930,7.92256385228567,10.3953147877013,2.29122701236057,16428,17719,18120,7.85853420988556,10.2994886778671,2.26310739883741,14307,15451,15810,7.99608583211016,10.5053470329209,2.32347420878907,1723,2041,2157,18.4561810795125,25.1886244921648,5.68348848603626,764,915,968,19.7643979057592,26.7015706806283,5.79234972677596,959,1126,1189,17.4139728884254,23.9833159541189,5.59502664298401,516,571,609,10.6589147286822,18.0232558139535,6.65499124343257,147,159,162,8.16326530612245,10.2040816326531,1.88679245283019,140,151,154,7.85714285714286,10,1.98675496688742
"22107","Tensas",6618,2848,3574,150,0.54,0.0227,2435,2306,0.053,0.0066,0.0119,25739,16295,16923,37717,0.4757,0.6071,0.1084,0.3626,0.0638,0.1613,0.0105,29900,NA,62700,NA,-0.39,5958,6038,5865,1.34273246055723,-1.56092648539778,-2.86518714806227,2503,2488,2392,-0.599280862964443,-4.43467838593688,-3.85852090032154,1242,1238,1191,-0.322061191626409,-4.10628019323671,-3.79644588045234,1261,1250,1201,-0.872323552735924,-4.75812846946868,-3.92,3308,3397,3314,2.69044740024184,0.181378476420798,-2.44333235207536,1649,1701,1654,3.1534263189812,0.303214069132808,-2.76308054085832,1659,1696,1660,2.23025919228451,0.0602772754671489,-2.12264150943396,85,90,96,5.88235294117647,12.9411764705882,6.66666666666667,36,39,43,8.33333333333333,19.4444444444444,10.2564102564103,49,51,53,4.08163265306122,8.16326530612245,3.92156862745098,12,12,12,0,0,0,3,3,3,0,0,0,3,3,3,0,0,0
"22109","Terrebonne",104503,76392,18328,1674,0.1754,0.016,36017,27738,0.2299,0.0227,0.0146,39912,22051,26563,44910,0.3714,0.2748,0.1024,0.1909,0.1303,0.1774,0.0425,59600,89400,83600,NA,0.84,106255,108157,108424,1.79003341019246,2.04131570279046,0.246863356047228,77437,77885,77719,0.578534808941462,0.364167000271188,-0.213134749951852,39220,39503,39394,0.721570627231005,0.443651198368180,-0.275928410500468,38217,38382,38325,0.431745034932098,0.282596750137373,-0.148507112709082,19021,20214,20436,6.27201514115977,7.43914620682404,1.09824873849807,9964,10611,10734,6.49337615415496,7.72782015254918,1.15917444161719,9057,9603,9702,6.0284862537264,7.12156343159987,1.03092783505155,1914,2135,2263,11.5464994775340,18.2340647857889,5.99531615925059,847,939,988,10.8618654073200,16.6469893742621,5.21831735889244,1067,1196,1275,12.0899718837863,19.4939081537020,6.60535117056856,1001,1072,1108,7.0929070929071,10.6893106893107,3.35820895522388,2625,2595,2601,-1.14285714285714,-0.914285714285714,0.23121387283237,2767,2713,2709,-1.95157209974702,-2.09613299602458,-0.147438260228529
"22111","Union",22803,15826,6394,414,0.2804,0.0182,8864,8531,0.0376,0.0056,0.0123,36035,21013,30147,41820,0.339,0.12,0.0786,0.186,0.0949,0.2685,0.0252,37500,51300,72200,NA,0.24,22741,22846,22773,0.461721120443252,0.140715008135086,-0.319530771250985,15666,15652,15598,-0.0893655049151028,-0.434061023873356,-0.345003833375926,8001,8007,7983,0.0749906261717285,-0.224971878515186,-0.299737729486699,7665,7645,7615,-0.260926288323549,-0.652315720808871,-0.39241334205363,6250,6309,6251,0.944,0.016,-0.919321604057695,3301,3339,3307,1.15116631323841,0.181763102090276,-0.958370769691524,2949,2970,2944,0.712105798575788,-0.169548999660902,-0.875420875420875,580,633,666,9.13793103448276,14.8275862068966,5.21327014218009,272,296,313,8.8235294117647,15.0735294117647,5.74324324324324,308,337,353,9.41558441558442,14.6103896103896,4.74777448071217,63,66,68,4.76190476190476,7.93650793650794,3.03030303030303,16,16,16,0,0,0,42,42,42,0,0,0
"22113","Vermilion",53807,44038,7567,687,0.1406,0.0128,19836,10865,0.4523,0.0635,0.0201,36093,13927,27688,39571,0.5272,0.2409,0.1153,0.2211,0.1152,0.0769,0.0515,49700,58800,70400,NA,0.24,54938,55425,55691,0.886453820670574,1.37063598966107,0.479927830401443,44414,44414,44563,0,0.335479803665511,0.335479803665511,22854,22857,22929,0.0131268049356787,0.328170123391966,0.315001968762305,21560,21557,21634,-0.0139146567717996,0.343228200371058,0.357192559261493,7902,8230,8229,4.15084788661098,4.13819286256644,-0.0121506682867558,4220,4398,4401,4.21800947867299,4.28909952606635,0.068212824010914,3682,3832,3828,4.07387289516567,3.96523628462792,-0.104384133611691,830,938,1002,13.0120481927711,20.7228915662651,6.82302771855011,407,458,489,12.5307125307125,20.1474201474201,6.76855895196507,423,480,513,13.4751773049645,21.2765957446809,6.875,1222,1264,1300,3.43698854337152,6.38297872340426,2.84810126582278,100,101,103,1,3,1.98019801980198,77,78,80,1.29870129870130,3.89610389610390,2.56410256410256
"22115","Vernon",52531,37567,8405,3002,0.16,0.0571,18276,15874,0.1314,0.0101,0.0413,34680,29267,27350,35835,0.1914,0.1885,0.108,0.1525,0.0728,0.1374,0.0262,65000,61400,68100,NA,-3.49,50296,48493,47380,-3.58477811356768,-5.79767774773342,-2.29517662343019,35819,34544,33751,-3.55956336022781,-5.7734721795695,-2.29562297359889,17571,16971,16604,-3.41471743213249,-5.50338626145353,-2.16251252135997,18248,17573,17147,-3.6990355107409,-6.03353792196405,-2.42417344790303,7612,7236,6627,-4.93956910141881,-12.9400945874934,-8.41625207296849,3329,3089,2792,-7.20937218383899,-16.1309702613397,-9.61476205891874,4283,4147,3835,-3.17534438477703,-10.4599579733831,-7.52351097178683,3287,3198,3343,-2.70763614237907,1.70368116823852,4.53408380237649,1448,1412,1486,-2.48618784530387,2.62430939226519,5.24079320113314,1839,1786,1857,-2.88200108754758,0.97879282218597,3.97536394176932,1029,1017,1063,-1.16618075801749,3.30417881438290,4.52310717797443,405,377,379,-6.91358024691358,-6.41975308641975,0.530503978779841,345,317,322,-8.1159420289855,-6.66666666666667,1.57728706624606
"22117","Washington",43926,29357,13839,283,0.3151,0.0064,16454,15736,0.0436,0.0026,0.0042,29480,19021,26667,33993,0.3677,0.2308,0.1261,0.2469,0.0759,0.0614,0.0288,43300,53600,59500,NA,-0.71,43951,44061,44920,0.250278719483061,2.20472799253714,1.94956991443680,29368,29149,29668,-0.745709615908472,1.02152002179243,1.78050704998456,15052,14955,15207,-0.644432633537071,1.02976348657986,1.68505516549649,14316,14194,14461,-0.852193350097793,1.01285275216541,1.88107651120192,13782,14087,14336,2.21303149034973,4.01973588738935,1.76758713707674,6994,7131,7256,1.95882184729768,3.74606805833572,1.75290983031833,6788,6956,7080,2.47495580436064,4.30170889805539,1.78263369752731,352,359,431,1.98863636363636,22.4431818181818,20.0557103064067,180,185,220,2.77777777777778,22.2222222222222,18.9189189189189,172,174,211,1.16279069767442,22.6744186046512,21.2643678160920,99,104,110,5.05050505050505,11.1111111111111,5.76923076923077,64,65,66,1.5625,3.125,1.53846153846154,56,58,59,3.57142857142857,5.35714285714286,1.72413793103448
"22119","Webster",41831,27253,13679,289,0.327,0.0069,16506,15822,0.0414,0.0021,0.0066,35119,21515,26136,40252,0.3417,0.0714,0.0764,0.202,0.0674,0,0.0234,39200,45700,63900,NA,-0.67,40876,40989,40924,0.276445836187494,0.117428319796458,-0.158579130986362,26308,26082,25991,-0.8590542800669,-1.20495666717348,-0.348899624261943,13422,13300,13256,-0.908955446282223,-1.23677544330204,-0.330827067669173,12886,12782,12735,-0.807077448393606,-1.17181437218687,-0.367704584572054,13560,13817,13824,1.8952802359882,1.94690265486726,0.0506622276905262,7294,7424,7418,1.78228681107760,1.70002741979709,-0.0808189655172414,6266,6393,6406,2.02681136291095,2.234280242579,0.203347411231034,352,399,408,13.3522727272727,15.9090909090909,2.25563909774436,156,177,183,13.4615384615385,17.3076923076923,3.38983050847458,196,222,225,13.2653061224490,14.7959183673469,1.35135135135135,117,138,141,17.9487179487179,20.5128205128205,2.17391304347826,83,84,85,1.20481927710843,2.40963855421687,1.19047619047619,76,77,78,1.31578947368421,2.63157894736842,1.29870129870130
"22121","West Baton Rouge",21601,13414,7659,288,0.3546,0.0133,7672,6945,0.0948,0.0059,0.0089,43204,27132,44773,50922,0.2809,0.087,0.0616,0.1701,0.0707,0.3188,0.0322,70500,135700,95900,NA,1.21,21534,22220,22625,3.18565988669081,5.06640661279837,1.82268226822682,13170,13314,13574,1.09339407744875,3.06757782839787,1.95283160582845,6642,6709,6830,1.00873230954532,2.83047274917194,1.803547473543,6528,6605,6744,1.17953431372549,3.30882352941176,2.10446631339894,7738,8251,8335,6.62962005686224,7.7151718790385,1.01805841716156,4041,4310,4356,6.65676812670131,7.79510022271715,1.06728538283063,3697,3941,3979,6.59994590208277,7.62780632945632,0.96422227860949,382,402,451,5.23560209424084,18.0628272251309,12.1890547263682,140,146,167,4.28571428571429,19.2857142857143,14.3835616438356,242,256,284,5.78512396694215,17.3553719008264,10.9375,53,57,61,7.54716981132075,15.0943396226415,7.01754385964912,20,21,21,5,5,0,28,28,28,0,0,0
"22123","West Carroll",12314,9749,2365,107,0.1921,0.0087,4468,4249,0.049,0.0011,0.0031,31806,17422,17188,35486,0.4572,0.2083,0.1382,0.2339,0.1388,0.2,0.032,26400,52900,50800,NA,-0.43,11801,11698,11553,-0.872807389204305,-2.10151682060842,-1.23952812446572,9213,9165,9040,-0.521002930641485,-1.87778139585369,-1.36388434260775,4700,4673,4601,-0.574468085106383,-2.10638297872340,-1.54076610314573,4513,4492,4439,-0.465322401949922,-1.63970751163306,-1.17987533392698,2310,2245,2215,-2.81385281385281,-4.11255411255411,-1.33630289532294,1014,974,957,-3.94477317554241,-5.62130177514793,-1.74537987679671,1296,1271,1258,-1.92901234567901,-2.9320987654321,-1.0228166797797,174,182,186,4.59770114942529,6.89655172413793,2.19780219780220,80,83,85,3.75,6.25,2.40963855421687,94,99,101,5.31914893617021,7.4468085106383,2.02020202020202,21,22,23,4.76190476190476,9.52380952380952,4.54545454545455,14,14,14,0,0,0,22,22,22,0,0,0
"22125","West Feliciana",15111,7255,7528,186,0.4982,0.0123,3622,3298,0.0895,0.0011,0.0054,47239,21229,12000,62592,0.3739,0.3667,0.0392,0.1988,0.1451,0,0.0473,62700,112500,131700,NA,1.06,15053,15287,15113,1.55450740716136,0.398591642861888,-1.13822201870871,7259,7335,7316,1.04697616751619,0.78523212563714,-0.259032038173142,3090,3135,3131,1.45631067961165,1.32686084142395,-0.127591706539075,4169,4200,4185,0.743583593187815,0.383785080355001,-0.357142857142857,7564,7716,7559,2.00951877313591,-0.0661025912215759,-2.03473302229134,2003,2077,1992,3.6944583125312,-0.54917623564653,-4.09244102070294,5561,5639,5567,1.40262542708146,0.107894263621651,-1.27682213158361,104,106,108,1.92307692307692,3.84615384615385,1.88679245283019,15,16,17,6.66666666666667,13.3333333333333,6.25,89,90,91,1.12359550561798,2.24719101123596,1.11111111111111,26,28,28,7.69230769230769,7.69230769230769,0,20,20,20,0,0,0,17,17,17,0,0,0
"22127","Winn",16894,11157,5410,131,0.3202,0.0078,5926,5717,0.0353,0.0027,0.0054,31513,17532,45208,36466,0.3889,0,0.0924,0.2147,0.0621,0,0.024,27500,28000,47600,NA,-0.62,15736,15684,15521,-0.330452465683782,-1.36629384850025,-1.03927569497577,10371,10303,10179,-0.655674476906759,-1.85131617008967,-1.20353295156750,5155,5119,5057,-0.698351115421921,-1.90106692531523,-1.21117405743309,5216,5184,5122,-0.613496932515337,-1.80214723926380,-1.19598765432099,4976,4985,4933,0.180868167202572,-0.864147909967846,-1.04312938816449,2103,2111,2082,0.380408939610081,-0.998573466476462,-1.37375651350071,2873,2874,2851,0.0348068221371389,-0.765750087017055,-0.800278357689631,127,130,139,2.36220472440945,9.4488188976378,6.92307692307692,64,65,70,1.5625,9.375,7.69230769230769,63,65,69,3.17460317460317,9.52380952380952,6.15384615384615,29,29,28,0,-3.44827586206897,-3.44827586206897,49,51,52,4.08163265306122,6.12244897959184,1.96078431372549,45,47,49,4.44444444444444,8.88888888888889,4.25531914893617
