"","x","y","id"
"1",1124663,278428.4,"22035"
"2",1121377,273630.6,"22035"
"3",1120278,270190.9,"22035"
"4",1120400,269281.1,"22035"
"5",1126577,235396.8,"22035"
"6",1127073,234097.1,"22035"
"7",1127199,233899.7,"22035"
"8",1127443,233514.7,"22035"
"9",1127558,233334,"22035"
"10",1127749,233155.5,"22035"
"11",1128613,232349.9,"22035"
"12",1128815,232161.4,"22035"
"13",1131747,231114.8,"22035"
"14",1132351,229568.7,"22035"
"15",1097912,226417.8,"22035"
"16",1099024,231324.7,"22035"
"17",1101790,233722.9,"22035"
"18",1102797,236404.4,"22035"
"19",1106012,246933.9,"22035"
"20",1107959,259102.2,"22035"
"21",1108514,262343.6,"22035"
"22",1112281,272095,"22035"
"23",1115415,278427.2,"22035"
"24",1124663,278428.4,"22035"
"25",NA,NA,"22035"
"26",1115415,278427.2,"22123"
"27",1112281,272095,"22123"
"28",1108514,262343.6,"22123"
"29",1107959,259102.2,"22123"
"30",1106012,246933.9,"22123"
"31",1102797,236404.4,"22123"
"32",1101790,233722.9,"22123"
"33",1099024,231324.7,"22123"
"34",1088540,231277.4,"22123"
"35",1084746,239248.4,"22123"
"36",1080896,240633.7,"22123"
"37",1084713,250023.3,"22123"
"38",1098833,276050.7,"22123"
"39",1099456,278370.5,"22123"
"40",1115415,278427.2,"22123"
"41",NA,NA,"22123"
"42",1097155,278364.5,"22067"
"43",1099456,278370.5,"22067"
"44",1098833,276050.7,"22067"
"45",1084713,250023.3,"22067"
"46",1080896,240633.7,"22067"
"47",1080991,240202.7,"22067"
"48",1080028,237586.2,"22067"
"49",1078675,235334.6,"22067"
"50",1077716,234381.3,"22067"
"51",1071842,231750.6,"22067"
"52",1065439,229858,"22067"
"53",1058701,225498.5,"22067"
"54",1055153,222558.2,"22067"
"55",1040762,246566.4,"22067"
"56",1041193,246889.1,"22067"
"57",1041973,248348.7,"22067"
"58",1041899,254224,"22067"
"59",1038857,263812.6,"22067"
"60",1040269,278191.2,"22067"
"61",1097155,278364.5,"22067"
"62",NA,NA,"22067"
"63",1040269,278191.2,"22111"
"64",1038857,263812.6,"22111"
"65",1041899,254224,"22111"
"66",1041973,248348.7,"22111"
"67",1041193,246889.1,"22111"
"68",1040762,246566.4,"22111"
"69",1038751,243590.5,"22111"
"70",1026037,232168.9,"22111"
"71",1025013,231559.5,"22111"
"72",1022407,230877.9,"22111"
"73",1007974,230944.5,"22111"
"74",1007968,240615.9,"22111"
"75",993661.2,249117.8,"22111"
"76",990637.7,249916,"22111"
"77",986603,250524.6,"22111"
"78",978874.6,250558.6,"22111"
"79",978975,278819.3,"22111"
"80",1040269,278191.2,"22111"
"81",NA,NA,"22111"
"82",954333,279227.3,"22027"
"83",978975,278819.3,"22027"
"84",978874.6,250558.6,"22027"
"85",964248,231245.6,"22027"
"86",936284,231370.5,"22027"
"87",936709.6,236790.9,"22027"
"88",935632.6,245995.6,"22027"
"89",930869.4,245970.9,"22027"
"90",930982.5,279436.5,"22027"
"91",954333,279227.3,"22027"
"92",NA,NA,"22027"
"93",907444.1,279674.2,"22119"
"94",930982.5,279436.5,"22119"
"95",930869.4,245970.9,"22119"
"96",935632.6,245995.6,"22119"
"97",936709.6,236790.9,"22119"
"98",936284,231370.5,"22119"
"99",939159.9,219683.7,"22119"
"100",939173.2,216965.9,"22119"
"101",930706.5,212017.7,"22119"
"102",917908.7,212121.8,"22119"
"103",911465.8,212206.5,"22119"
"104",911053.4,221917.9,"22119"
"105",911472.7,251103.1,"22119"
"106",910915.8,263166.4,"22119"
"107",908376.1,265990,"22119"
"108",905255.8,270905.1,"22119"
"109",903614.6,274059.7,"22119"
"110",903664,275736.5,"22119"
"111",904599,279719.9,"22119"
"112",907444.1,279674.2,"22119"
"113",NA,NA,"22119"
"114",904599,279719.9,"22015"
"115",903664,275736.5,"22015"
"116",903614.6,274059.7,"22015"
"117",905255.8,270905.1,"22015"
"118",908376.1,265990,"22015"
"119",910915.8,263166.4,"22015"
"120",911472.7,251103.1,"22015"
"121",911053.4,221917.9,"22015"
"122",911465.8,212206.5,"22015"
"123",917908.7,212121.8,"22015"
"124",912529.8,192843.4,"22015"
"125",908468.3,193021.8,"22015"
"126",900544.2,204014.4,"22015"
"127",890292.1,209917.3,"22015"
"128",886699,222246.3,"22015"
"129",879797,246008.5,"22015"
"130",879014.6,251227.3,"22015"
"131",875964.5,278850.9,"22015"
"132",876115.1,279292.8,"22015"
"133",877168.4,280099.3,"22015"
"134",878067.2,280085.7,"22015"
"135",904599,279719.9,"22015"
"136",NA,NA,"22015"
"137",877168.4,280099.3,"22017"
"138",876115.1,279292.8,"22017"
"139",875964.5,278850.9,"22017"
"140",879014.6,251227.3,"22017"
"141",879797,246008.5,"22017"
"142",886699,222246.3,"22017"
"143",890292.1,209917.3,"22017"
"144",900544.2,204014.4,"22017"
"145",908468.3,193021.8,"22017"
"146",894949,193188.6,"22017"
"147",894995,196810,"22017"
"148",894167.8,198208,"22017"
"149",892053,200615.7,"22017"
"150",890152.3,202101.4,"22017"
"151",882553,204902.5,"22017"
"152",880919,205313.5,"22017"
"153",879130.2,204986.8,"22017"
"154",877730.5,204201.5,"22017"
"155",877198.4,203798.1,"22017"
"156",872326.2,198483.7,"22017"
"157",871989.2,196850.4,"22017"
"158",872158.6,196179.3,"22017"
"159",871806,195232.7,"22017"
"160",868405.4,192354.1,"22017"
"161",863193,188913,"22017"
"162",854559.5,189080.7,"22017"
"163",854842.9,210843,"22017"
"164",855294.6,244191,"22017"
"165",855615.8,265031.2,"22017"
"166",855826.9,280363.8,"22017"
"167",877168.4,280099.3,"22017"
"168",NA,NA,"22017"
"169",978874.6,250558.6,"22061"
"170",986603,250524.6,"22061"
"171",990637.7,249916,"22061"
"172",993661.2,249117.8,"22061"
"173",1007968,240615.9,"22061"
"174",1007974,230944.5,"22061"
"175",1007955,221257.1,"22061"
"176",988503.6,221342.1,"22061"
"177",988563,216548.9,"22061"
"178",973937.6,216626.3,"22061"
"179",964248,231245.6,"22061"
"180",978874.6,250558.6,"22061"
"181",NA,NA,"22061"
"182",1040762,246566.4,"22073"
"183",1055153,222558.2,"22073"
"184",1043860,197128.3,"22073"
"185",1017724,197090.7,"22073"
"186",1017718,201893.5,"22073"
"187",1008474,211028.2,"22073"
"188",1007956,212375.4,"22073"
"189",1007955,221257.1,"22073"
"190",1007974,230944.5,"22073"
"191",1022407,230877.9,"22073"
"192",1025013,231559.5,"22073"
"193",1026037,232168.9,"22073"
"194",1038751,243590.5,"22073"
"195",1040762,246566.4,"22073"
"196",NA,NA,"22073"
"197",1099024,231324.7,"22083"
"198",1097912,226417.8,"22083"
"199",1096257,211763.9,"22083"
"200",1081610,211541.4,"22083"
"201",1078042,209652.5,"22083"
"202",1069494,200335.3,"22083"
"203",1064891,190792.2,"22083"
"204",1057095,183275.7,"22083"
"205",1043860,197128.3,"22083"
"206",1055153,222558.2,"22083"
"207",1058701,225498.5,"22083"
"208",1065439,229858,"22083"
"209",1071842,231750.6,"22083"
"210",1077716,234381.3,"22083"
"211",1078675,235334.6,"22083"
"212",1080028,237586.2,"22083"
"213",1080991,240202.7,"22083"
"214",1080896,240633.7,"22083"
"215",1084746,239248.4,"22083"
"216",1088540,231277.4,"22083"
"217",1099024,231324.7,"22083"
"218",NA,NA,"22083"
"219",1132351,229568.7,"22065"
"220",1129989,222599.4,"22065"
"221",1130073,220837.9,"22065"
"222",1130079,220715.4,"22065"
"223",1130313,220302.2,"22065"
"224",1130672,219668.4,"22065"
"225",1130772,219493.3,"22065"
"226",1140734,208104,"22065"
"227",1140785,192136.4,"22065"
"228",1129828,191187.9,"22065"
"229",1129853,191324.7,"22065"
"230",1129916,193727.9,"22065"
"231",1128736,194770.8,"22065"
"232",1128202,194800.4,"22065"
"233",1123921,194255.5,"22065"
"234",1113344,191305.6,"22065"
"235",1111671,190217.9,"22065"
"236",1111176,189365.5,"22065"
"237",1094962,189301,"22065"
"238",1096257,211763.9,"22065"
"239",1097912,226417.8,"22065"
"240",1132351,229568.7,"22065"
"241",NA,NA,"22065"
"242",964248,231245.6,"22013"
"243",973937.6,216626.3,"22013"
"244",970317.9,182644.4,"22013"
"245",958625.4,182799.7,"22013"
"246",935077.3,182975.3,"22013"
"247",912529.8,192843.4,"22013"
"248",917908.7,212121.8,"22013"
"249",930706.5,212017.7,"22013"
"250",939173.2,216965.9,"22013"
"251",939159.9,219683.7,"22013"
"252",936284,231370.5,"22013"
"253",964248,231245.6,"22013"
"254",NA,NA,"22013"
"255",973937.6,216626.3,"22049"
"256",988563,216548.9,"22049"
"257",988503.6,221342.1,"22049"
"258",1007955,221257.1,"22049"
"259",1007956,212375.4,"22049"
"260",1008474,211028.2,"22049"
"261",1017718,201893.5,"22049"
"262",1017724,197090.7,"22049"
"263",1017715,182529.8,"22049"
"264",970317.9,182644.4,"22049"
"265",973937.6,216626.3,"22049"
"266",NA,NA,"22049"
"267",1094962,189301,"22041"
"268",1087441,153664,"22041"
"269",1085375,160026.7,"22041"
"270",1080693,162444.6,"22041"
"271",1080509,161526.2,"22041"
"272",1078693,158743.7,"22041"
"273",1075121,155086.7,"22041"
"274",1072636,153437.2,"22041"
"275",1068092,152353.2,"22041"
"276",1066751,154177.8,"22041"
"277",1064623,157730.7,"22041"
"278",1061382,161256.3,"22041"
"279",1059062,162839.6,"22041"
"280",1057683,163312,"22041"
"281",1056511,165894,"22041"
"282",1054563,173808.8,"22041"
"283",1059636,176637.8,"22041"
"284",1059518,179500.6,"22041"
"285",1059057,180449.4,"22041"
"286",1057095,183275.7,"22041"
"287",1064891,190792.2,"22041"
"288",1069494,200335.3,"22041"
"289",1078042,209652.5,"22041"
"290",1081610,211541.4,"22041"
"291",1096257,211763.9,"22041"
"292",1094962,189301,"22041"
"293",NA,NA,"22041"
"294",894949,193188.6,"22031"
"295",901065.2,188276.3,"22031"
"296",904263.4,176290.3,"22031"
"297",909925.1,166889.4,"22031"
"298",910900,165641.5,"22031"
"299",919190.5,159115.4,"22031"
"300",910925.4,149539.3,"22031"
"301",869561,149877.2,"22031"
"302",856768.9,165080.5,"22031"
"303",854559.5,189080.7,"22031"
"304",863193,188913,"22031"
"305",868405.4,192354.1,"22031"
"306",871806,195232.7,"22031"
"307",872158.6,196179.3,"22031"
"308",871989.2,196850.4,"22031"
"309",872326.2,198483.7,"22031"
"310",877198.4,203798.1,"22031"
"311",877730.5,204201.5,"22031"
"312",879130.2,204986.8,"22031"
"313",880919,205313.5,"22031"
"314",882553,204902.5,"22031"
"315",890152.3,202101.4,"22031"
"316",892053,200615.7,"22031"
"317",894167.8,198208,"22031"
"318",894995,196810,"22031"
"319",894949,193188.6,"22031"
"320",NA,NA,"22031"
"321",1094962,189301,"22107"
"322",1111176,189365.5,"22107"
"323",1111671,190217.9,"22107"
"324",1113344,191305.6,"22107"
"325",1123921,194255.5,"22107"
"326",1128202,194800.4,"22107"
"327",1128736,194770.8,"22107"
"328",1129916,193727.9,"22107"
"329",1129853,191324.7,"22107"
"330",1129828,191187.9,"22107"
"331",1138951,179842.5,"22107"
"332",1118446,152565.8,"22107"
"333",1107118,138809,"22107"
"334",1106092,137192.5,"22107"
"335",1090448,139231.7,"22107"
"336",1087441,153664,"22107"
"337",1094962,189301,"22107"
"338",NA,NA,"22107"
"339",1017724,197090.7,"22021"
"340",1043860,197128.3,"22021"
"341",1057095,183275.7,"22021"
"342",1059057,180449.4,"22021"
"343",1059518,179500.6,"22021"
"344",1059636,176637.8,"22021"
"345",1054563,173808.8,"22021"
"346",1056511,165894,"22021"
"347",1057683,163312,"22021"
"348",1046766,158358,"22021"
"349",1017718,158276.1,"22021"
"350",1017715,182529.8,"22021"
"351",1017724,197090.7,"22021"
"352",NA,NA,"22021"
"353",908468.3,193021.8,"22081"
"354",912529.8,192843.4,"22081"
"355",935077.3,182975.3,"22081"
"356",936170.4,181855.4,"22081"
"357",938361.2,178361,"22081"
"358",939941.3,172705,"22081"
"359",939948.3,172207,"22081"
"360",939216.7,165819.5,"22081"
"361",930055.7,155853.7,"22081"
"362",926080.2,154228.4,"22081"
"363",922267.1,154330.7,"22081"
"364",919553.8,155400.5,"22081"
"365",919190.5,159115.4,"22081"
"366",910900,165641.5,"22081"
"367",909925.1,166889.4,"22081"
"368",904263.4,176290.3,"22081"
"369",901065.2,188276.3,"22081"
"370",894949,193188.6,"22081"
"371",908468.3,193021.8,"22081"
"372",NA,NA,"22081"
"373",970317.9,182644.4,"22127"
"374",1017715,182529.8,"22127"
"375",1017718,158276.1,"22127"
"376",1013009,143773.2,"22127"
"377",988710.4,143827.4,"22127"
"378",988642,138618.5,"22127"
"379",988138.4,134117.8,"22127"
"380",955117.7,134137.2,"22127"
"381",961656.6,151985.9,"22127"
"382",963633.8,159673,"22127"
"383",963872.1,161011.6,"22127"
"384",963520.1,169239.8,"22127"
"385",961791,176465.5,"22127"
"386",958625.4,182799.7,"22127"
"387",970317.9,182644.4,"22127"
"388",NA,NA,"22127"
"389",935077.3,182975.3,"22069"
"390",958625.4,182799.7,"22069"
"391",961791,176465.5,"22069"
"392",963520.1,169239.8,"22069"
"393",963872.1,161011.6,"22069"
"394",963633.8,159673,"22069"
"395",961656.6,151985.9,"22069"
"396",955117.7,134137.2,"22069"
"397",979201.3,112847.2,"22069"
"398",954187.1,93974.48,"22069"
"399",929971,96091.05,"22069"
"400",930049,115364.2,"22069"
"401",920477.9,115408.1,"22069"
"402",920485.1,134938.7,"22069"
"403",910744.8,135042.6,"22069"
"404",910925.4,149539.3,"22069"
"405",919190.5,159115.4,"22069"
"406",919553.8,155400.5,"22069"
"407",922267.1,154330.7,"22069"
"408",926080.2,154228.4,"22069"
"409",930055.7,155853.7,"22069"
"410",939216.7,165819.5,"22069"
"411",939948.3,172207,"22069"
"412",939941.3,172705,"22069"
"413",938361.2,178361,"22069"
"414",936170.4,181855.4,"22069"
"415",935077.3,182975.3,"22069"
"416",NA,NA,"22069"
"417",1046766,158358,"22025"
"418",1057683,163312,"22025"
"419",1059062,162839.6,"22025"
"420",1061382,161256.3,"22025"
"421",1064623,157730.7,"22025"
"422",1066751,154177.8,"22025"
"423",1068092,152353.2,"22025"
"424",1072636,153437.2,"22025"
"425",1075121,155086.7,"22025"
"426",1078693,158743.7,"22025"
"427",1080509,161526.2,"22025"
"428",1080693,162444.6,"22025"
"429",1085375,160026.7,"22025"
"430",1087441,153664,"22025"
"431",1090448,139231.7,"22025"
"432",1077318,138127.2,"22025"
"433",1076516,137469.2,"22025"
"434",1065829,125641.7,"22025"
"435",1065174,124594,"22025"
"436",1061078,110449.9,"22025"
"437",1060427,107301.7,"22025"
"438",1060223,90490.31,"22025"
"439",1060504,89484.78,"22025"
"440",1063400,85164.46,"22025"
"441",1058194,87936.56,"22025"
"442",1056273,88498.68,"22025"
"443",1054567,88272.31,"22025"
"444",1053442,87184.64,"22025"
"445",1052707,85511.55,"22025"
"446",1053578,83224.5,"22025"
"447",1054637,81851.02,"22025"
"448",1054916,81102.66,"22025"
"449",1053067,80080.05,"22025"
"450",1048535,80523.2,"22025"
"451",1048129,81003.7,"22025"
"452",1046695,87954.06,"22025"
"453",1046814,91667.62,"22025"
"454",1046766,158358,"22025"
"455",NA,NA,"22025"
"456",1017718,158276.1,"22059"
"457",1046766,158358,"22059"
"458",1046814,91667.62,"22059"
"459",1039330,92698.19,"22059"
"460",1028873,108463.2,"22059"
"461",1024794,109830,"22059"
"462",1020636,114710.2,"22059"
"463",1016388,121053.7,"22059"
"464",1013585,129738.5,"22059"
"465",1013009,143773.2,"22059"
"466",1017718,158276.1,"22059"
"467",NA,NA,"22059"
"468",869561,149877.2,"22085"
"469",910925.4,149539.3,"22085"
"470",910744.8,135042.6,"22085"
"471",920485.1,134938.7,"22085"
"472",920477.9,115408.1,"22085"
"473",930049,115364.2,"22085"
"474",929971,96091.05,"22085"
"475",915283,96161.36,"22085"
"476",901341.8,86123.06,"22085"
"477",900138.7,82735.7,"22085"
"478",899443,76706.97,"22085"
"479",899664.7,76502.01,"22085"
"480",895181.1,75507.1,"22085"
"481",894421.9,81239.97,"22085"
"482",893864.7,84908.42,"22085"
"483",891480.5,97315.7,"22085"
"484",883178.1,110199.2,"22085"
"485",873307.5,121214.2,"22085"
"486",869561,149877.2,"22085"
"487",NA,NA,"22085"
"488",955117.7,134137.2,"22043"
"489",988138.4,134117.8,"22043"
"490",988642,138618.5,"22043"
"491",988710.4,143827.4,"22043"
"492",1013009,143773.2,"22043"
"493",1013585,129738.5,"22043"
"494",1016388,121053.7,"22043"
"495",1020636,114710.2,"22043"
"496",1024794,109830,"22043"
"497",1028873,108463.2,"22043"
"498",1018681,106311,"22043"
"499",987451,98740.3,"22043"
"500",984911,98477.6,"22043"
"501",982060.2,99575.03,"22043"
"502",981424.1,100060.9,"22043"
"503",980348.1,105819.3,"22043"
"504",979201.3,112847.2,"22043"
"505",955117.7,134137.2,"22043"
"506",NA,NA,"22043"
"507",1090448,139231.7,"22029"
"508",1106092,137192.5,"22029"
"509",1104504,134693.3,"22029"
"510",1104457,134619.3,"22029"
"511",1093462,114725.2,"22029"
"512",1093230,114293.4,"22029"
"513",1092846,113582.6,"22029"
"514",1092798,113493.7,"22029"
"515",1088145,84785.66,"22029"
"516",1085414,72927.37,"22029"
"517",1082429,55702.92,"22029"
"518",1080012,52462.52,"22029"
"519",1080391,55126.86,"22029"
"520",1074097,60611.41,"22029"
"521",1074865,62251.04,"22029"
"522",1075381,63853.18,"22029"
"523",1078415,76586.44,"22029"
"524",1077364,77913.11,"22029"
"525",1075642,78882.15,"22029"
"526",1075170,78778.81,"22029"
"527",1071978,79334.28,"22029"
"528",1067521,80714.72,"22029"
"529",1065428,82146.6,"22029"
"530",1063400,85164.46,"22029"
"531",1060504,89484.78,"22029"
"532",1060223,90490.31,"22029"
"533",1060427,107301.7,"22029"
"534",1061078,110449.9,"22029"
"535",1065174,124594,"22029"
"536",1065829,125641.7,"22029"
"537",1076516,137469.2,"22029"
"538",1077318,138127.2,"22029"
"539",1090448,139231.7,"22029"
"540",NA,NA,"22029"
"541",979201.3,112847.2,"22079"
"542",980348.1,105819.3,"22079"
"543",981424.1,100060.9,"22079"
"544",982060.2,99575.03,"22079"
"545",984911,98477.6,"22079"
"546",987451,98740.3,"22079"
"547",1018681,106311,"22079"
"548",1028873,108463.2,"22079"
"549",1039330,92698.19,"22079"
"550",1033135,89099.02,"22079"
"551",1027330,92072.67,"22079"
"552",1026931,92176.84,"22079"
"553",1026246,91938.58,"22079"
"554",1025391,91214,"22079"
"555",1025345,70046.59,"22079"
"556",1027090,54511.29,"22079"
"557",1020949,51587.91,"22079"
"558",1011429,55577.7,"22079"
"559",990654.6,43922.87,"22079"
"560",969052.5,43288.53,"22079"
"561",968709.2,56725.32,"22079"
"562",968600.7,83458.3,"22079"
"563",963853.5,90690.73,"22079"
"564",962248.4,91495.65,"22079"
"565",954187.1,93974.48,"22079"
"566",979201.3,112847.2,"22079"
"567",NA,NA,"22079"
"568",1039330,92698.19,"22009"
"569",1046814,91667.62,"22009"
"570",1046695,87954.06,"22009"
"571",1048129,81003.7,"22009"
"572",1048535,80523.2,"22009"
"573",1053067,80080.05,"22009"
"574",1054916,81102.66,"22009"
"575",1054637,81851.02,"22009"
"576",1053578,83224.5,"22009"
"577",1052707,85511.55,"22009"
"578",1053442,87184.64,"22009"
"579",1054567,88272.31,"22009"
"580",1056273,88498.68,"22009"
"581",1058194,87936.56,"22009"
"582",1063400,85164.46,"22009"
"583",1065428,82146.6,"22009"
"584",1067521,80714.72,"22009"
"585",1071978,79334.28,"22009"
"586",1075170,78778.81,"22009"
"587",1075642,78882.15,"22009"
"588",1077364,77913.11,"22009"
"589",1078415,76586.44,"22009"
"590",1075381,63853.18,"22009"
"591",1074865,62251.04,"22009"
"592",1074097,60611.41,"22009"
"593",1071605,57773.17,"22009"
"594",1065504,38805.21,"22009"
"595",1027483,38690.13,"22009"
"596",1020949,51587.91,"22009"
"597",1027090,54511.29,"22009"
"598",1025345,70046.59,"22009"
"599",1025391,91214,"22009"
"600",1026246,91938.58,"22009"
"601",1026931,92176.84,"22009"
"602",1027330,92072.67,"22009"
"603",1033135,89099.02,"22009"
"604",1039330,92698.19,"22009"
"605",NA,NA,"22009"
"606",929971,96091.05,"22115"
"607",954187.1,93974.48,"22115"
"608",962248.4,91495.65,"22115"
"609",963853.5,90690.73,"22115"
"610",968600.7,83458.3,"22115"
"611",968709.2,56725.32,"22115"
"612",969052.5,43288.53,"22115"
"613",954244.3,42033.1,"22115"
"614",939400.7,42593.03,"22115"
"615",911917,42856.71,"22115"
"616",898747.5,41389.13,"22115"
"617",899664.7,76502.01,"22115"
"618",899443,76706.97,"22115"
"619",900138.7,82735.7,"22115"
"620",901341.8,86123.06,"22115"
"621",915283,96161.36,"22115"
"622",929971,96091.05,"22115"
"623",NA,NA,"22115"
"624",1254412,58795.04,"22117"
"625",1264699,59079.8,"22117"
"626",1264699,59079.8,"22117"
"627",1264700,59069.36,"22117"
"628",1264765,55625.63,"22117"
"629",1263346,49798.98,"22117"
"630",1262274,47719.72,"22117"
"631",1261710,47659.91,"22117"
"632",1260902,47574.26,"22117"
"633",1260670,47375.54,"22117"
"634",1259225,42218.98,"22117"
"635",1257492,35174.3,"22117"
"636",1256067,29393.08,"22117"
"637",1254687,21533.53,"22117"
"638",1214983,25755.45,"22117"
"639",1215031,27723.52,"22117"
"640",1208739,44410.6,"22117"
"641",1205852,46997.74,"22117"
"642",1205593,57521.35,"22117"
"643",1213964,57724.12,"22117"
"644",1254412,58795.04,"22117"
"645",NA,NA,"22117"
"646",1186451,57088.27,"22105"
"647",1205593,57521.35,"22105"
"648",1205852,46997.74,"22105"
"649",1208739,44410.6,"22105"
"650",1215031,27723.52,"22105"
"651",1214983,25755.45,"22105"
"652",1217328,-28299.99,"22105"
"653",1214000,-27684.19,"22105"
"654",1201970,-21823.83,"22105"
"655",1200198,-21342.71,"22105"
"656",1199039,-20756.42,"22105"
"657",1197932,-19782.63,"22105"
"658",1194803,-16307.17,"22105"
"659",1187729,-5715.633,"22105"
"660",1185632,193.8802,"22105"
"661",1185284,18287.33,"22105"
"662",1184590,57055.97,"22105"
"663",1186451,57088.27,"22105"
"664",NA,NA,"22105"
"665",1184590,57055.97,"22091"
"666",1185284,18287.33,"22091"
"667",1152356,17681.44,"22091"
"668",1158148,25522.31,"22091"
"669",1158436,33618.55,"22091"
"670",1158211,39833.72,"22091"
"671",1156678,49505.42,"22091"
"672",1159873,56603.27,"22091"
"673",1184590,57055.97,"22091"
"674",NA,NA,"22091"
"675",1082429,55702.93,"22125"
"676",1126431,56116.74,"22125"
"677",1124756,48500.3,"22125"
"678",1121457,35829.76,"22125"
"679",1117349,29364.23,"22125"
"680",1116298,28108.92,"22125"
"681",1114739,23810.39,"22125"
"682",1114404,20166.72,"22125"
"683",1114558,17598.27,"22125"
"684",1112068,18199.06,"22125"
"685",1109427,26228.22,"22125"
"686",1107714,29024.22,"22125"
"687",1107184,29250.14,"22125"
"688",1091942,32698.71,"22125"
"689",1081607,38567.86,"22125"
"690",1081069,38906.04,"22125"
"691",1080390,39583.99,"22125"
"692",1080173,40229.08,"22125"
"693",1080012,52462.52,"22125"
"694",1082429,55702.93,"22125"
"695",NA,NA,"22125"
"696",1074097,60611.42,"22125"
"697",1080391,55126.85,"22125"
"698",1071605,57773.17,"22125"
"699",1074097,60611.42,"22125"
"700",NA,NA,"22125"
"701",1137509,56234.78,"22037"
"702",1159873,56603.27,"22037"
"703",1156678,49505.42,"22037"
"704",1158211,39833.72,"22037"
"705",1158436,33618.55,"22037"
"706",1158148,25522.31,"22037"
"707",1119340,23425.13,"22037"
"708",1118347,22700.32,"22037"
"709",1115262,17221.73,"22037"
"710",1114558,17598.27,"22037"
"711",1114404,20166.72,"22037"
"712",1114739,23810.38,"22037"
"713",1116298,28108.92,"22037"
"714",1117349,29364.23,"22037"
"715",1121457,35829.76,"22037"
"716",1124756,48500.3,"22037"
"717",1126431,56116.75,"22037"
"718",1137509,56234.78,"22037"
"719",NA,NA,"22037"
"720",1071605,57773.17,"22077"
"721",1080391,55126.86,"22077"
"722",1080012,52462.52,"22077"
"723",1080173,40229.08,"22077"
"724",1080390,39583.99,"22077"
"725",1081069,38906.04,"22077"
"726",1081607,38567.86,"22077"
"727",1091942,32698.7,"22077"
"728",1107184,29250.15,"22077"
"729",1107714,29024.22,"22077"
"730",1109427,26228.22,"22077"
"731",1112068,18199.06,"22077"
"732",1097453,138.9815,"22077"
"733",1076728,-1.767908,"22077"
"734",1071421,-5.720545,"22077"
"735",1072617,4039.181,"22077"
"736",1073658,19085.94,"22077"
"737",1073395,22813.51,"22077"
"738",1070313,31281.7,"22077"
"739",1066866,37639.59,"22077"
"740",1065504,38805.21,"22077"
"741",1071605,57773.17,"22077"
"742",NA,NA,"22077"
"743",990654.6,43922.87,"22039"
"744",1011429,55577.7,"22039"
"745",1020949,51587.91,"22039"
"746",1027483,38690.13,"22039"
"747",1031366,29761.85,"22039"
"748",1031370,23706.19,"22039"
"749",1031359,19420.19,"22039"
"750",1026910,7588.021,"22039"
"751",1022782,4301.542,"22039"
"752",1008128,4285.867,"22039"
"753",1004912,3817.362,"22039"
"754",1003861,2730.253,"22039"
"755",1000647,-2162.356,"22039"
"756",987324,-2082.803,"22039"
"757",987482.5,-1337.178,"22039"
"758",988149.8,-768.1193,"22039"
"759",989040,721.7556,"22039"
"760",992060.8,7322.821,"22039"
"761",991880.7,7836.349,"22039"
"762",990660.3,9054.868,"22039"
"763",990571,29311.36,"22039"
"764",990570.4,33462.52,"22039"
"765",990654.6,43922.87,"22039"
"766",NA,NA,"22039"
"767",969052.5,43288.53,"22003"
"768",990654.6,43922.87,"22003"
"769",990570.4,33462.52,"22003"
"770",990571,29311.36,"22003"
"771",990660.3,9054.868,"22003"
"772",991880.7,7836.349,"22003"
"773",992060.8,7322.821,"22003"
"774",989040,721.7556,"22003"
"775",988149.8,-768.1193,"22003"
"776",987482.5,-1337.178,"22003"
"777",973692,-1265.547,"22003"
"778",965935.3,-4980.479,"22003"
"779",950604.4,-6775.625,"22003"
"780",939347.6,-8293.759,"22003"
"781",939534.9,11016.95,"22003"
"782",947543.8,11036.1,"22003"
"783",954038.6,11005.8,"22003"
"784",954379,33333.81,"22003"
"785",954244.3,42033.1,"22003"
"786",969052.5,43288.53,"22003"
"787",NA,NA,"22003"
"788",1065504,38805.21,"22097"
"789",1066866,37639.59,"22097"
"790",1070313,31281.7,"22097"
"791",1073395,22813.51,"22097"
"792",1073658,19085.94,"22097"
"793",1072617,4039.181,"22097"
"794",1071421,-5.720545,"22097"
"795",1075063,-5395.9,"22097"
"796",1078930,-11373.92,"22097"
"797",1066060,-11515.71,"22097"
"798",1065366,-10897.66,"22097"
"799",1060610,-9003.253,"22097"
"800",1054725,-11327.48,"22097"
"801",1049162,-14454.82,"22097"
"802",1034438,-22246.88,"22097"
"803",1034494,-19824.48,"22097"
"804",1031087,-6959.378,"22097"
"805",1024496,-2154.507,"22097"
"806",1000647,-2162.356,"22097"
"807",1003861,2730.253,"22097"
"808",1004912,3817.362,"22097"
"809",1008128,4285.867,"22097"
"810",1022782,4301.542,"22097"
"811",1026910,7588.021,"22097"
"812",1031359,19420.19,"22097"
"813",1031370,23706.19,"22097"
"814",1031366,29761.85,"22097"
"815",1027483,38690.13,"22097"
"816",1065504,38805.21,"22097"
"817",NA,NA,"22097"
"818",954244.3,42033.1,"22011"
"819",954379,33333.81,"22011"
"820",954038.6,11005.8,"22011"
"821",947543.8,11036.1,"22011"
"822",939534.9,11016.95,"22011"
"823",939347.6,-8293.759,"22011"
"824",939337.5,-10581.8,"22011"
"825",914920.8,-10449.57,"22011"
"826",915045.8,-750.008,"22011"
"827",905279.3,-619.7866,"22011"
"828",905216.3,-10380.2,"22011"
"829",880546.7,-10152.89,"22011"
"830",880686.2,-10044.42,"22011"
"831",884436.5,-7126.659,"22011"
"832",884866.4,-6165.535,"22011"
"833",884918.3,-5591.569,"22011"
"834",883815.1,1358.355,"22011"
"835",881228.3,4665.464,"22011"
"836",880982.9,4979.376,"22011"
"837",880995.6,5020.366,"22011"
"838",882198.2,8880.53,"22011"
"839",896787.7,34004.81,"22011"
"840",898747.5,41389.13,"22011"
"841",911917,42856.71,"22011"
"842",939400.7,42593.03,"22011"
"843",954244.3,42033.1,"22011"
"844",NA,NA,"22011"
"845",1214983,25755.45,"22103"
"846",1254687,21533.53,"22103"
"847",1269805,-1027.276,"22103"
"848",1269952,-1184.121,"22103"
"849",1270557,-1829.35,"22103"
"850",1276015,-14132.48,"22103"
"851",1276022,-14147.87,"22103"
"852",1276082,-16190.93,"22103"
"853",1275099,-18402.68,"22103"
"854",1274846,-19320.54,"22103"
"855",1274875,-19920.69,"22103"
"856",1277665,-25830.46,"22103"
"857",1278527,-27654.1,"22103"
"858",1280540,-30173,"22103"
"859",1281209,-31009.96,"22103"
"860",1281444,-31177.48,"22103"
"861",1281769,-31408.28,"22103"
"862",1282005,-31576.45,"22103"
"863",1282209,-31571.63,"22103"
"864",1286643,-31466.09,"22103"
"865",1277234,-34884.71,"22103"
"866",1276639,-34471.71,"22103"
"867",1271383,-32530.85,"22103"
"868",1252642,-30283.39,"22103"
"869",1250381,-31060.69,"22103"
"870",1241150,-36076.85,"22103"
"871",1230660,-31627.74,"22103"
"872",1217328,-28299.99,"22103"
"873",1214983,25755.45,"22103"
"874",NA,NA,"22103"
"875",1158148,25522.31,"22033"
"876",1152356,17681.44,"22033"
"877",1145794,10457.1,"22033"
"878",1145519,-4861.089,"22033"
"879",1147179,-9484.284,"22033"
"880",1154675,-16012.77,"22033"
"881",1142279,-18801.2,"22033"
"882",1130627,-18776.28,"22033"
"883",1115262,17221.73,"22033"
"884",1118347,22700.32,"22033"
"885",1119340,23425.13,"22033"
"886",1158148,25522.31,"22033"
"887",NA,NA,"22033"
"888",1152356,17681.44,"22063"
"889",1185284,18287.33,"22063"
"890",1185632,193.8802,"22063"
"891",1187729,-5715.633,"22063"
"892",1194803,-16307.17,"22063"
"893",1197932,-19782.63,"22063"
"894",1199039,-20756.42,"22063"
"895",1200198,-21342.71,"22063"
"896",1201970,-21823.83,"22063"
"897",1195445,-23744.51,"22063"
"898",1193221,-24827.52,"22063"
"899",1192570,-25356.07,"22063"
"900",1190984,-28473.82,"22063"
"901",1189740,-30279.12,"22063"
"902",1188405,-31538.09,"22063"
"903",1187173,-32245.04,"22063"
"904",1186219,-32366.48,"22063"
"905",1185150,-32114.53,"22063"
"906",1179842,-29371.87,"22063"
"907",1174404,-34406.6,"22063"
"908",1173990,-34582.32,"22063"
"909",1173558,-34484.37,"22063"
"910",1171527,-32990.8,"22063"
"911",1154675,-16012.77,"22063"
"912",1147179,-9484.284,"22063"
"913",1145519,-4861.089,"22063"
"914",1145794,10457.1,"22063"
"915",1152356,17681.44,"22063"
"916",NA,NA,"22063"
"917",1112068,18199.06,"22121"
"918",1114558,17598.27,"22121"
"919",1115262,17221.73,"22121"
"920",1130627,-18776.28,"22121"
"921",1114318,-19059.04,"22121"
"922",1110728,-14227.22,"22121"
"923",1100609,-2381.36,"22121"
"924",1097453,138.9815,"22121"
"925",1112068,18199.06,"22121"
"926",NA,NA,"22121"
"927",1097453,138.9815,"22047"
"928",1100609,-2381.36,"22047"
"929",1110728,-14227.22,"22047"
"930",1114318,-19059.04,"22047"
"931",1130627,-18776.28,"22047"
"932",1142279,-18801.2,"22047"
"933",1134477,-47653.07,"22047"
"934",1123104,-51912.61,"22047"
"935",1109123,-48353.74,"22047"
"936",1109115,-46848.48,"22047"
"937",1108133,-44294.63,"22047"
"938",1098673,-29530.12,"22047"
"939",1097029,-28737.64,"22047"
"940",1095259,-28323.33,"22047"
"941",1092213,-28458.49,"22047"
"942",1090240,-28224.89,"22047"
"943",1088993,-27589.73,"22047"
"944",1087792,-26564.12,"22047"
"945",1084566,-20732.68,"22047"
"946",1084094,-19188.08,"22047"
"947",1083924,-18501.79,"22047"
"948",1084191,-17202.06,"22047"
"949",1084144,-11373.25,"22047"
"950",1083797,-9208.556,"22047"
"951",1082617,-6022.884,"22047"
"952",1076728,-1.767908,"22047"
"953",1097453,138.9815,"22047"
"954",NA,NA,"22047"
"955",1071421,-5.721823,"22099"
"956",1076728,-1.766178,"22099"
"957",1082617,-6022.882,"22099"
"958",1083797,-9208.553,"22099"
"959",1084144,-11373.25,"22099"
"960",1084191,-17202.06,"22099"
"961",1083924,-18501.8,"22099"
"962",1084094,-19188.08,"22099"
"963",1084566,-20732.69,"22099"
"964",1087792,-26564.12,"22099"
"965",1088993,-27589.72,"22099"
"966",1090240,-28224.88,"22099"
"967",1092213,-28458.48,"22099"
"968",1095259,-28323.33,"22099"
"969",1097029,-28737.65,"22099"
"970",1098673,-29530.12,"22099"
"971",1108133,-44294.63,"22099"
"972",1109115,-46848.48,"22099"
"973",1109123,-48353.74,"22099"
"974",1097604,-48532.62,"22099"
"975",1080998,-43051.64,"22099"
"976",1080177,-42679.02,"22099"
"977",1076717,-41802.6,"22099"
"978",1073957,-41823.05,"22099"
"979",1072685,-42117.21,"22099"
"980",1070832,-43156.44,"22099"
"981",1057179,-47252.63,"22099"
"982",1052955,-47193.36,"22099"
"983",1049162,-14454.83,"22099"
"984",1054725,-11327.49,"22099"
"985",1060610,-9003.256,"22099"
"986",1065366,-10897.66,"22099"
"987",1066060,-11515.72,"22099"
"988",1078930,-11373.91,"22099"
"989",1075063,-5395.901,"22099"
"990",1071421,-5.721823,"22099"
"991",NA,NA,"22099"
"992",1099284,-59857.15,"22099"
"993",1120193,-57922.29,"22099"
"994",1120937,-60056.12,"22099"
"995",1125810,-70252.29,"22099"
"996",1127192,-71673.79,"22099"
"997",1131371,-72658.22,"22099"
"998",1132362,-72722.28,"22099"
"999",1134320,-73823.34,"22099"
"1000",1135462,-75128.61,"22099"
"1001",1136133,-76586.55,"22099"
"1002",1136056,-80779.73,"22099"
"1003",1135570,-87911.23,"22099"
"1004",1124348,-82303.22,"22099"
"1005",1108679,-74337.35,"22099"
"1006",1099284,-59857.15,"22099"
"1007",NA,NA,"22099"
"1008",987324,-2082.803,"22001"
"1009",1000647,-2162.356,"22001"
"1010",1024496,-2154.507,"22001"
"1011",1031087,-6959.378,"22001"
"1012",1034494,-19824.48,"22001"
"1013",1034438,-22246.88,"22001"
"1014",1020753,-39074.81,"22001"
"1015",1012877,-47367.47,"22001"
"1016",1010830,-48678.43,"22001"
"1017",1008957,-49455.74,"22001"
"1018",1007206,-49991.75,"22001"
"1019",988954,-45547.47,"22001"
"1020",987898.7,-45200.4,"22001"
"1021",987324,-2082.803,"22001"
"1022",NA,NA,"22001"
"1023",987324,-2082.803,"22053"
"1024",987898.7,-45200.4,"22053"
"1025",976976.3,-51282.42,"22053"
"1026",952103.4,-51089.27,"22053"
"1027",952144.1,-46204.75,"22053"
"1028",962461,-45989.38,"22053"
"1029",960929.3,-40977.62,"22053"
"1030",958667,-38047.28,"22053"
"1031",948915.3,-26422.53,"22053"
"1032",939326,-13131.43,"22053"
"1033",939337.5,-10581.8,"22053"
"1034",939347.6,-8293.759,"22053"
"1035",950604.4,-6775.625,"22053"
"1036",965935.3,-4980.479,"22053"
"1037",973692,-1265.547,"22053"
"1038",987482.5,-1337.178,"22053"
"1039",987324,-2082.803,"22053"
"1040",NA,NA,"22053"
"1041",939337.5,-10581.8,"22019"
"1042",939326,-13131.43,"22019"
"1043",948915.3,-26422.53,"22019"
"1044",958667,-38047.28,"22019"
"1045",960929.3,-40977.62,"22019"
"1046",962461,-45989.38,"22019"
"1047",952144.1,-46204.75,"22019"
"1048",952103.4,-51089.27,"22019"
"1049",939374.3,-51039.08,"22019"
"1050",939366.6,-49440.02,"22019"
"1051",882246.3,-48997.08,"22019"
"1052",882057.9,-49137.56,"22019"
"1053",882901.9,-27681.16,"22019"
"1054",880546.7,-10152.89,"22019"
"1055",905216.3,-10380.2,"22019"
"1056",905279.3,-619.7866,"22019"
"1057",915045.8,-750.008,"22019"
"1058",914920.8,-10449.57,"22019"
"1059",939337.5,-10581.8,"22019"
"1060",NA,NA,"22019"
"1061",1154675,-16012.77,"22005"
"1062",1171527,-32990.8,"22005"
"1063",1173558,-34484.37,"22005"
"1064",1173990,-34582.32,"22005"
"1065",1174404,-34406.6,"22005"
"1066",1179842,-29371.87,"22005"
"1067",1179046,-35452.46,"22005"
"1068",1148194,-47030.18,"22005"
"1069",1134477,-47653.07,"22005"
"1070",1142279,-18801.2,"22005"
"1071",1154675,-16012.77,"22005"
"1072",NA,NA,"22005"
"1073",1034438,-22246.88,"22055"
"1074",1049162,-14454.82,"22055"
"1075",1052955,-47193.36,"22055"
"1076",1051599,-51473.35,"22055"
"1077",1041804,-47119.03,"22055"
"1078",1035804,-42613.11,"22055"
"1079",1027869,-39691.04,"22055"
"1080",1020753,-39074.81,"22055"
"1081",1034438,-22246.88,"22055"
"1082",NA,NA,"22055"
"1083",1201970,-21823.83,"22095"
"1084",1214000,-27684.19,"22095"
"1085",1201740,-44585.92,"22095"
"1086",1193512,-50323.06,"22095"
"1087",1189329,-51863.46,"22095"
"1088",1188244,-53477.22,"22095"
"1089",1188326,-55503.97,"22095"
"1090",1189372,-65705.99,"22095"
"1091",1178187,-66198.02,"22095"
"1092",1177409,-64472.36,"22095"
"1093",1176302,-59351.64,"22095"
"1094",1174757,-49998.03,"22095"
"1095",1177397,-48306.98,"22095"
"1096",1179046,-35452.46,"22095"
"1097",1179842,-29371.87,"22095"
"1098",1185150,-32114.53,"22095"
"1099",1186219,-32366.48,"22095"
"1100",1187173,-32245.04,"22095"
"1101",1188405,-31538.09,"22095"
"1102",1189740,-30279.12,"22095"
"1103",1190984,-28473.82,"22095"
"1104",1192570,-25356.07,"22095"
"1105",1193221,-24827.52,"22095"
"1106",1195445,-23744.51,"22095"
"1107",1201970,-21823.83,"22095"
"1108",NA,NA,"22095"
"1109",1189372,-65705.99,"22089"
"1110",1188326,-55503.97,"22089"
"1111",1188244,-53477.22,"22089"
"1112",1189329,-51863.46,"22089"
"1113",1193512,-50323.06,"22089"
"1114",1201740,-44585.92,"22089"
"1115",1214000,-27684.19,"22089"
"1116",1214263,-52531.09,"22089"
"1117",1214350,-56391.16,"22089"
"1118",1215108,-61944.86,"22089"
"1119",1215662,-63774.59,"22089"
"1120",1218442,-68450.08,"22089"
"1121",1224148,-72177.17,"22089"
"1122",1222200,-81367.44,"22089"
"1123",1221583,-83037.98,"22089"
"1124",1220003,-87311.62,"22089"
"1125",1209247,-87409.59,"22089"
"1126",1208074,-87100.08,"22089"
"1127",1207216,-85852.43,"22089"
"1128",1207213,-85186.85,"22089"
"1129",1202495,-78600.72,"22089"
"1130",1194455,-69323.87,"22089"
"1131",1189372,-65705.99,"22089"
"1132",NA,NA,"22089"
"1133",1214000,-27684.19,"22051"
"1134",1217328,-28299.99,"22051"
"1135",1230660,-31627.74,"22051"
"1136",1229648,-49783.61,"22051"
"1137",1235791,-58845.79,"22051"
"1138",1240766,-64268.19,"22051"
"1139",1236637,-70745.64,"22051"
"1140",1234568,-78126.55,"22051"
"1141",1235466,-81783.92,"22051"
"1142",1238400,-86055.58,"22051"
"1143",1240205,-88344.34,"22051"
"1144",1243784,-95055.22,"22051"
"1145",1244243,-97159.16,"22051"
"1146",1244969,-113844.1,"22051"
"1147",1240114,-115253.8,"22051"
"1148",1234349,-112457.4,"22051"
"1149",1227047,-100688.6,"22051"
"1150",1227693,-98636.94,"22051"
"1151",1227686,-97505.95,"22051"
"1152",1226851,-89669.21,"22051"
"1153",1226632,-88812.54,"22051"
"1154",1225619,-88124.31,"22051"
"1155",1222482,-87292.63,"22051"
"1156",1220003,-87311.63,"22051"
"1157",1221583,-83037.98,"22051"
"1158",1222200,-81367.44,"22051"
"1159",1224148,-72177.17,"22051"
"1160",1218442,-68450.08,"22051"
"1161",1215662,-63774.59,"22051"
"1162",1215108,-61944.86,"22051"
"1163",1214350,-56391.16,"22051"
"1164",1214263,-52531.09,"22051"
"1165",1214000,-27684.19,"22051"
"1166",NA,NA,"22051"
"1167",1236380,-140512.4,"22051"
"1168",1236459,-140572.8,"22051"
"1169",1239148,-140171.8,"22051"
"1170",1241349,-137886.8,"22051"
"1171",1247119,-133782.9,"22051"
"1172",1247934,-133936.1,"22051"
"1173",1248063,-134262.7,"22051"
"1174",1247988,-134525.6,"22051"
"1175",1247452,-135321.4,"22051"
"1176",1241170,-139648.6,"22051"
"1177",1235713,-144887.6,"22051"
"1178",1234754,-145786.3,"22051"
"1179",1234720,-145818.2,"22051"
"1180",1236380,-140512.4,"22051"
"1181",NA,NA,"22051"
"1182",1230660,-31627.74,"22071"
"1183",1241150,-36076.85,"22071"
"1184",1250381,-31060.69,"22071"
"1185",1252642,-30283.39,"22071"
"1186",1271383,-32530.85,"22071"
"1187",1276639,-34471.71,"22071"
"1188",1277234,-34884.71,"22071"
"1189",1272911,-39609.2,"22071"
"1190",1259680,-47352.6,"22071"
"1191",1255142,-52357.27,"22071"
"1192",1250241,-67036.9,"22071"
"1193",1240766,-64268.19,"22071"
"1194",1235791,-58845.79,"22071"
"1195",1229648,-49783.62,"22071"
"1196",1230660,-31627.74,"22071"
"1197",NA,NA,"22071"
"1198",1179046,-35452.46,"22093"
"1199",1177397,-48306.98,"22093"
"1200",1174757,-49998.03,"22093"
"1201",1176302,-59351.64,"22093"
"1202",1177409,-64472.36,"22093"
"1203",1178187,-66198.02,"22093"
"1204",1155992,-64787.5,"22093"
"1205",1148194,-47030.18,"22093"
"1206",1179046,-35452.46,"22093"
"1207",NA,NA,"22093"
"1208",1255142,-52357.27,"22087"
"1209",1255620,-54802.96,"22087"
"1210",1256463,-57223.55,"22087"
"1211",1257040,-58299.82,"22087"
"1212",1257973,-59007.73,"22087"
"1213",1271407,-66490.33,"22087"
"1214",1274462,-67055.63,"22087"
"1215",1276638,-66870.13,"22087"
"1216",1279016,-65908.93,"22087"
"1217",1280441,-64844.72,"22087"
"1218",1281064,-63096.1,"22087"
"1219",1282442,-56131.74,"22087"
"1220",1282424,-53438.16,"22087"
"1221",1289919,-45792.79,"22087"
"1222",1293321,-44294.44,"22087"
"1223",1297268,-45703.15,"22087"
"1224",1299734,-47843.91,"22087"
"1225",1297601,-48941.13,"22087"
"1226",1296957,-49512.2,"22087"
"1227",1296018,-50367.94,"22087"
"1228",1296011,-52233.99,"22087"
"1229",1296110,-53612.83,"22087"
"1230",1301528,-60022.45,"22087"
"1231",1302576,-60890.57,"22087"
"1232",1307072,-63440.21,"22087"
"1233",1308136,-64041.09,"22087"
"1234",1301225,-74541.5,"22087"
"1235",1297297,-79898.11,"22087"
"1236",1291661,-81790.81,"22087"
"1237",1287416,-79929.58,"22087"
"1238",1277347,-79176.46,"22087"
"1239",1275694,-79608.6,"22087"
"1240",1275934,-82887.47,"22087"
"1241",1276452,-83862.99,"22087"
"1242",1281155,-86705.61,"22087"
"1243",1283404,-87775.48,"22087"
"1244",1285020,-88155.65,"22087"
"1245",1287301,-88093.44,"22087"
"1246",1291863,-92383.85,"22087"
"1247",1292128,-93047.61,"22087"
"1248",1291997,-93459.3,"22087"
"1249",1291418,-92590.55,"22087"
"1250",1288835,-90316.56,"22087"
"1251",1278370,-87365.59,"22087"
"1252",1271761,-80933.69,"22087"
"1253",1270408,-79340.85,"22087"
"1254",1256308,-74987.01,"22087"
"1255",1255211,-75327.31,"22087"
"1256",1254621,-75197.97,"22087"
"1257",1253442,-73696.93,"22087"
"1258",1251464,-69939.72,"22087"
"1259",1250241,-67036.9,"22087"
"1260",1255142,-52357.27,"22087"
"1261",NA,NA,"22087"
"1262",1051599,-51473.35,"22113"
"1263",1051224,-77026.24,"22113"
"1264",1044926,-79566.58,"22113"
"1265",1042925,-80611.93,"22113"
"1266",1037993,-83723.78,"22113"
"1267",1034427,-86843.03,"22113"
"1268",1033958,-88992.64,"22113"
"1269",1035574,-93045.92,"22113"
"1270",1037625,-97330.64,"22113"
"1271",1039406,-97665.32,"22113"
"1272",1048629,-98283.88,"22113"
"1273",1044503,-101763.5,"22113"
"1274",1043988,-101455.5,"22113"
"1275",1038208,-101259.2,"22113"
"1276",1033150,-101794.7,"22113"
"1277",1033100,-101800,"22113"
"1278",1027873,-103938,"22113"
"1279",1024070,-106512.6,"22113"
"1280",1021537,-107119.6,"22113"
"1281",1021304,-107175.3,"22113"
"1282",1020680,-107186.6,"22113"
"1283",1018959,-107217.6,"22113"
"1284",1018494,-107225.9,"22113"
"1285",994317.3,-103146.4,"22113"
"1286",988726.2,-102166.3,"22113"
"1287",988584.8,-102125.8,"22113"
"1288",988896,-89256.9,"22113"
"1289",988844.5,-51208.1,"22113"
"1290",976976.3,-51282.42,"22113"
"1291",987898.7,-45200.4,"22113"
"1292",988954,-45547.47,"22113"
"1293",1007206,-49991.75,"22113"
"1294",1008957,-49455.74,"22113"
"1295",1010830,-48678.43,"22113"
"1296",1012877,-47367.47,"22113"
"1297",1020753,-39074.81,"22113"
"1298",1027869,-39691.04,"22113"
"1299",1035804,-42613.11,"22113"
"1300",1041804,-47119.03,"22113"
"1301",1051599,-51473.35,"22113"
"1302",NA,NA,"22113"
"1303",1109123,-48353.74,"22045"
"1304",1123104,-51912.61,"22045"
"1305",1120193,-57922.29,"22045"
"1306",1099284,-59857.15,"22045"
"1307",1084541,-61174.91,"22045"
"1308",1076273,-72242.05,"22045"
"1309",1060416,-86156.5,"22045"
"1310",1051224,-77026.24,"22045"
"1311",1051599,-51473.35,"22045"
"1312",1052955,-47193.36,"22045"
"1313",1057179,-47252.63,"22045"
"1314",1070832,-43156.44,"22045"
"1315",1072685,-42117.21,"22045"
"1316",1073957,-41823.05,"22045"
"1317",1076717,-41802.6,"22045"
"1318",1080177,-42679.02,"22045"
"1319",1080998,-43051.64,"22045"
"1320",1097604,-48532.62,"22045"
"1321",1109123,-48353.74,"22045"
"1322",NA,NA,"22045"
"1323",1048629,-98283.88,"22045"
"1324",1055932,-95984.22,"22045"
"1325",1058239,-95546.06,"22045"
"1326",1061429,-96129.88,"22045"
"1327",1076417,-103446.3,"22045"
"1328",1076691,-103857.9,"22045"
"1329",1076459,-104607.5,"22045"
"1330",1070799,-111892.9,"22045"
"1331",1069652,-112574.1,"22045"
"1332",1065854,-113592.2,"22045"
"1333",1064208,-113053.4,"22045"
"1334",1045887,-103394.9,"22045"
"1335",1044503,-101763.5,"22045"
"1336",1048629,-98283.88,"22045"
"1337",NA,NA,"22045"
"1338",1148194,-47030.18,"22007"
"1339",1155992,-64787.5,"22007"
"1340",1144578,-86086.1,"22007"
"1341",1137362,-95989.7,"22007"
"1342",1135570,-87911.23,"22007"
"1343",1136056,-80779.73,"22007"
"1344",1136133,-76586.55,"22007"
"1345",1135462,-75128.61,"22007"
"1346",1134320,-73823.34,"22007"
"1347",1132362,-72722.28,"22007"
"1348",1131371,-72658.22,"22007"
"1349",1127192,-71673.79,"22007"
"1350",1125810,-70252.29,"22007"
"1351",1120937,-60056.12,"22007"
"1352",1120193,-57922.29,"22007"
"1353",1123104,-51912.61,"22007"
"1354",1134477,-47653.07,"22007"
"1355",1148194,-47030.18,"22007"
"1356",NA,NA,"22007"
"1357",976976.3,-51282.42,"22023"
"1358",988844.5,-51208.1,"22023"
"1359",988896,-89256.9,"22023"
"1360",988584.8,-102125.8,"22023"
"1361",985103,-101126.2,"22023"
"1362",976338.6,-97833.05,"22023"
"1363",968425,-94071.79,"22023"
"1364",964039.1,-91983.51,"22023"
"1365",957347.6,-88519.33,"22023"
"1366",954187.5,-87118.92,"22023"
"1367",954076,-87069.44,"22023"
"1368",943071.2,-83117.22,"22023"
"1369",934496.4,-80697.73,"22023"
"1370",929663,-79886.45,"22023"
"1371",925742.7,-79793.53,"22023"
"1372",905628.4,-80615.77,"22023"
"1373",899505.7,-81218.08,"22023"
"1374",890122.2,-82287.88,"22023"
"1375",885437.5,-82864.8,"22023"
"1376",879780.4,-84000.59,"22023"
"1377",879494.6,-84089.95,"22023"
"1378",878951.3,-84259.83,"22023"
"1379",877438.8,-84732.55,"22023"
"1380",874205.9,-86273.88,"22023"
"1381",872279.1,-87491.22,"22023"
"1382",870423.3,-88961.23,"22023"
"1383",870439.5,-64163.88,"22023"
"1384",882057.9,-49137.56,"22023"
"1385",882246.3,-48997.08,"22023"
"1386",939366.6,-49440.02,"22023"
"1387",939374.3,-51039.08,"22023"
"1388",952103.4,-51089.27,"22023"
"1389",976976.3,-51282.42,"22023"
"1390",NA,NA,"22023"
"1391",1240766,-64268.19,"22075"
"1392",1250241,-67036.9,"22075"
"1393",1251464,-69939.72,"22075"
"1394",1253442,-73696.93,"22075"
"1395",1254621,-75197.97,"22075"
"1396",1255211,-75327.31,"22075"
"1397",1256308,-74987.01,"22075"
"1398",1270408,-79340.85,"22075"
"1399",1271761,-80933.69,"22075"
"1400",1278370,-87365.59,"22075"
"1401",1288835,-90316.56,"22075"
"1402",1291418,-92590.55,"22075"
"1403",1291997,-93459.3,"22075"
"1404",1290230,-92306.78,"22075"
"1405",1287227,-90496.39,"22075"
"1406",1278881,-89774.55,"22075"
"1407",1276959,-90839.63,"22075"
"1408",1273776,-93289.73,"22075"
"1409",1272899,-95949.63,"22075"
"1410",1271549,-105092.9,"22075"
"1411",1271596,-105626.3,"22075"
"1412",1272260,-106431.2,"22075"
"1413",1275036,-108416.2,"22075"
"1414",1292653,-118669.4,"22075"
"1415",1295567,-118609.9,"22075"
"1416",1303079,-118547.5,"22075"
"1417",1322894,-125152.3,"22075"
"1418",1327822,-131808.5,"22075"
"1419",1330260,-135509.2,"22075"
"1420",1334081,-137938.8,"22075"
"1421",1337761,-136453.9,"22075"
"1422",1338476,-136741.1,"22075"
"1423",1339148,-137452.3,"22075"
"1424",1340667,-140883.7,"22075"
"1425",1340673,-140896.7,"22075"
"1426",1340643,-141023.7,"22075"
"1427",1340299,-142497.7,"22075"
"1428",1340278,-142590.4,"22075"
"1429",1338383,-146517.2,"22075"
"1430",1335058,-153272.2,"22075"
"1431",1326041,-158156.4,"22075"
"1432",1319979,-154068.4,"22075"
"1433",1306554,-153881.9,"22075"
"1434",1296340,-141025.5,"22075"
"1435",1296334,-141019.1,"22075"
"1436",1296074,-140737.2,"22075"
"1437",1294827,-139387.9,"22075"
"1438",1294685,-139233.9,"22075"
"1439",1293665,-138452.4,"22075"
"1440",1293637,-138430.4,"22075"
"1441",1293217,-138255.8,"22075"
"1442",1290417,-137091.4,"22075"
"1443",1288342,-136228,"22075"
"1444",1275039,-130721.7,"22075"
"1445",1272932,-130060.5,"22075"
"1446",1272540,-129937.5,"22075"
"1447",1270498,-129402,"22075"
"1448",1269709,-129194.9,"22075"
"1449",1269572,-129178.6,"22075"
"1450",1269112,-129124,"22075"
"1451",1267118,-128886.9,"22075"
"1452",1264247,-128544.7,"22075"
"1453",1258979,-123358.6,"22075"
"1454",1260305,-121279.1,"22075"
"1455",1260666,-120504.6,"22075"
"1456",1260715,-119489.9,"22075"
"1457",1260626,-118900.9,"22075"
"1458",1258813,-111344.6,"22075"
"1459",1258731,-111008.8,"22075"
"1460",1258132,-110685.8,"22075"
"1461",1257233,-110201.1,"22075"
"1462",1255982,-110400.5,"22075"
"1463",1254670,-110910.2,"22075"
"1464",1252183,-112319.1,"22075"
"1465",1250592,-114105.6,"22075"
"1466",1249312,-115796.8,"22075"
"1467",1247097,-115933.5,"22075"
"1468",1246194,-115279,"22075"
"1469",1244969,-113844.1,"22075"
"1470",1244243,-97159.16,"22075"
"1471",1243784,-95055.22,"22075"
"1472",1240205,-88344.33,"22075"
"1473",1238400,-86055.57,"22075"
"1474",1235466,-81783.92,"22075"
"1475",1234568,-78126.55,"22075"
"1476",1236637,-70745.65,"22075"
"1477",1240766,-64268.19,"22075"
"1478",NA,NA,"22075"
"1479",1099284,-59857.14,"22101"
"1480",1108679,-74337.35,"22101"
"1481",1124348,-82303.22,"22101"
"1482",1135570,-87911.23,"22101"
"1483",1137362,-95989.7,"22101"
"1484",1119187,-112876.5,"22101"
"1485",1117029,-112818,"22101"
"1486",1112998,-111864.5,"22101"
"1487",1094000,-106986.4,"22101"
"1488",1093343,-103182.3,"22101"
"1489",1092876,-100028.7,"22101"
"1490",1091718,-95777.8,"22101"
"1491",1085039,-84446.16,"22101"
"1492",1083937,-83662.28,"22101"
"1493",1073824,-82984.74,"22101"
"1494",1072373,-83117.53,"22101"
"1495",1060416,-86156.5,"22101"
"1496",1076273,-72242.05,"22101"
"1497",1084541,-61174.91,"22101"
"1498",1099284,-59857.14,"22101"
"1499",NA,NA,"22101"
"1500",1189372,-65705.99,"22057"
"1501",1194455,-69323.87,"22057"
"1502",1202495,-78600.72,"22057"
"1503",1207213,-85186.85,"22057"
"1504",1207216,-85852.43,"22057"
"1505",1208074,-87100.08,"22057"
"1506",1209247,-87409.59,"22057"
"1507",1220003,-87311.62,"22057"
"1508",1222482,-87292.63,"22057"
"1509",1225619,-88124.3,"22057"
"1510",1226632,-88812.55,"22057"
"1511",1226851,-89669.21,"22057"
"1512",1227686,-97505.94,"22057"
"1513",1227693,-98636.94,"22057"
"1514",1227047,-100688.6,"22057"
"1515",1234349,-112457.4,"22057"
"1516",1240114,-115253.8,"22057"
"1517",1239709,-127852.3,"22057"
"1518",1233695,-134720.2,"22057"
"1519",1236380,-140512.4,"22057"
"1520",1234720,-145818.2,"22057"
"1521",1233653,-146816.7,"22057"
"1522",1233338,-147111.5,"22057"
"1523",1226951,-152009,"22057"
"1524",1226618,-152264,"22057"
"1525",1226343,-152399.9,"22057"
"1526",1221861,-154609.8,"22057"
"1527",1210258,-157956.2,"22057"
"1528",1209723,-157883.1,"22057"
"1529",1209709,-157810.8,"22057"
"1530",1209600,-157234.7,"22057"
"1531",1211951,-155916.2,"22057"
"1532",1214030,-155630.8,"22057"
"1533",1215118,-155450.1,"22057"
"1534",1216079,-155034.8,"22057"
"1535",1218479,-153953.2,"22057"
"1536",1218961,-153705.2,"22057"
"1537",1220765,-151836.8,"22057"
"1538",1220705,-149778.6,"22057"
"1539",1216944,-141442.8,"22057"
"1540",1215400,-139137.8,"22057"
"1541",1212445,-134860.7,"22057"
"1542",1210793,-133542.3,"22057"
"1543",1207457,-133922.4,"22057"
"1544",1205484,-136329.3,"22057"
"1545",1203515,-142654,"22057"
"1546",1206447,-130547,"22057"
"1547",1206052,-125323,"22057"
"1548",1205538,-123667.9,"22057"
"1549",1204184,-122133.7,"22057"
"1550",1186720,-102686.5,"22057"
"1551",1163742,-79022.52,"22057"
"1552",1162462,-78809.5,"22057"
"1553",1161798,-79074.89,"22057"
"1554",1144578,-86086.1,"22057"
"1555",1155992,-64787.5,"22057"
"1556",1178187,-66198.02,"22057"
"1557",1189372,-65705.99,"22057"
"1558",NA,NA,"22057"
"1559",1144578,-86086.1,"22109"
"1560",1161798,-79074.89,"22109"
"1561",1162462,-78809.5,"22109"
"1562",1163742,-79022.52,"22109"
"1563",1186720,-102686.5,"22109"
"1564",1204184,-122133.7,"22109"
"1565",1205538,-123667.9,"22109"
"1566",1206052,-125323,"22109"
"1567",1206447,-130547,"22109"
"1568",1203515,-142654,"22109"
"1569",1188755,-142026.8,"22109"
"1570",1180513,-150569.5,"22109"
"1571",1181379,-156739.6,"22109"
"1572",1161593,-160379.2,"22109"
"1573",1118823,-138218.1,"22109"
"1574",1116477,-136226.9,"22109"
"1575",1113304,-132620.3,"22109"
"1576",1113504,-131836.9,"22109"
"1577",1118929,-129113.3,"22109"
"1578",1125629,-125609.6,"22109"
"1579",1126573,-124579.9,"22109"
"1580",1126292,-122401.2,"22109"
"1581",1125093,-118933.9,"22109"
"1582",1124549,-117651.4,"22109"
"1583",1124183,-117226.1,"22109"
"1584",1119187,-112876.5,"22109"
"1585",1137362,-95989.7,"22109"
"1586",1144578,-86086.1,"22109"
"1587",NA,NA,"22109"
