Fips;Rate;Count;Pop
1001;40.6;39;94428
1003;45.8;209;334693
1005;51;26;35542
1007;51.3;25;40501
1009;47.7;73;129875
1011;44.3;5;6380
1013;23.2;11;31799
1015;56.8;178;229011
1017;51.3;45;56845
1019;42.2;33;57895
1021;37.5;40;90431
1023;30.1;10;22212
1025;33.6;19;40122
1027;29.6;14;30229
1029;51.4;22;34359
1031;45.8;53;88092
1033;43.6;71;116436
1035;25.2;7;19657
1037;50.8;14;19122
1039;50;66;83123
1041;39.2;15;26461
1043;35.5;88;194219
1045;55.4;62;93607
1047;42;30;41199
1049;31.8;64;162257
1051;38.1;57;134650
1053;40.9;36;62786
1055;48.4;155;224494
1057;52.2;30;41000
1059;41.8;41;74216
1061;43;36;57640
1063;23.2;2;4870
1065;55.3;14;17689
1067;38.5;17;28248
1069;42.2;98;172523
1071;43.2;71;129436
1073;42.5;611;993481
1075;38.2;20;34745
1077;37.2;100;202504
1079;47.7;41;70927
1081;47.2;84;220373
1083;30.1;48;144080
1085;39.9;5;8996
1087;44.7;5;8620
1089;40.7;254;528215
1091;67.6;27;26836
1093;42;45;74159
1095;54.3;141;207655
1097;48.1;385;648813
1099;27.4;15;35659
1101;38.2;155;274058
1103;49.9;150;246994
1105;45.9;8;9499
1107;25.4;12;30216
1109;31.5;19;45884
1111;30.4;21;44648
1113;52.9;49;71869
1115;50.4;88;153798
1117;39.4;117;353042
1119;29.8;4;9462
1121;34.9;68;138432
1123;49.1;62;77483
1125;43.6;141;287626
1127;53.8;123;169134
1129;46.7;17;29759
1131;22.3;4;9414
1133;43.3;35;61994
2010; ;0;0
2013;0;0;1308
2016;0;0;4484
2020;45.7;145;492648
2050;0;0;5056
2060;0;0;1385
2068;0;0;1455
2070;32.3;1;2743
2090;52.5;50;161945
2100;46.7;2;4963
2110;37.4;16;59582
2122;60.2;54;108401
2130;34.5;7;25224
2150;21.5;2;20447
2164;0;0;832
2170;45.5;48;142129
2180;0;0;4194
2185;0;0;2993
2188;0;0;2189
2201;9.9;1;7127
2220;65.9;6;15204
2231; ;0;0
2232;0;0;4475
2240;87.8;6;11636
2261;38.4;6;18409
2270;0;0;803
2280;40.1;5;11923
2282;0;0;768
2290;0;0;1507
2900; ;0;0
2910; ;0;0
4001;45;17;37088
4003;41.9;152;273443
4005;35.8;50;199657
4007;39.9;78;110649
4009;22.2;17;63497
4011;10.7;2;18416
4012;25.8;20;40405
4013;38.1;3027;7417916
4015;67.2;430;400374
4017;33.4;46;123384
4019;36.3;939;2014686
4021;36.9;203;402262
4023;29.7;28;101544
4025;41.7;313;441666
4027;31.1;160;391226
4910; ;0;0
5001;46.2;27;39951
5003;42.6;24;43445
5005;51.5;104;99976
5007;37.3;176;402355
5009;57.4;69;88123
5011;34.9;13;21972
5013;39.9;6;10939
5015;35.4;32;64730
5017;72.8;18;15037
5019;35.4;20;45069
5021;53;35;43735
5023;53.1;52;62388
5025;38.8;8;18710
5027;40.4;26;40373
5029;39.8;25;44933
5031;42.4;94;194531
5033;55.8;79;132149
5035;65.1;49;65800
5037;61.7;30;37131
5039;55.2;12;13281
5041;43.4;13;20126
5043;54.5;23;34028
5045;47.3;90;206349
5047;63.9;38;44402
5049;46.8;23;29462
5051;55;198;209816
5053;27;13;40849
5055;49.2;58;96659
5057;40.4;20;40776
5059;56.4;53;68971
5061;60.7;23;28107
5063;52.2;57;84483
5065;52.6;29;32205
5067;63.5;35;38214
5069;39;59;99137
5071;55.5;38;56664
5073;58.4;13;13294
5075;54.1;36;44678
5077;26.8;5;11154
5079;42.2;12;20709
5081;51.2;20;26221
5083;59.5;45;55762
5085;60.9;76;129087
5087;35.2;16;35500
5089;35.6;24;40695
5091;59.5;61;78485
5093;60.2;66;83699
5095;73.7;19;15377
5097;36.6;14;23114
5099;42.5;11;16875
5101;40.4;12;20890
5103;57.6;40;43273
5105;66.2;21;25220
5107;49.2;20;25394
5109;37.7;15;26902
5111;52.2;40;60129
5113;53.4;39;50149
5115;45.5;69;134091
5117;55.9;17;20177
5119;46.6;375;602855
5121;48.2;31;45762
5123;40.2;18;32463
5125;48.3;114;209680
5127;35.9;13;26584
5129;53.3;16;20244
5131;52.4;168;260494
5133;46.8;20;36784
5135;37.7;31;44428
5137;27.4;13;29104
5139;44.8;58;77470
5141;54.1;38;40866
5143;43.6;162;386434
5145;48.7;97;167660
5147;74.4;17;15031
5149;52.6;37;51450
6001;41.6;944;2157832
6003;113.7;2;2270
6005;51.8;68;79383
6007;50.2;328;487266
6009;36.7;58;104075
6011;26.6;12;45257
6013;43.5;932;1878801
6015;44.5;32;54965
6017;43.4;186;391936
6019;34.8;565;1710331
6021;60.3;43;62023
6023;56;190;290102
6025;27;81;326631
6027;38.4;27;40809
6029;48.9;642;1476270
6031;36;74;251628
6033;71.4;156;144748
6035;43.7;28;58621
6037;31.6;5339;18225763
6039;33.1;95;297400
6041;38.3;293;566746
6043;39.8;24;40213
6045;46.2;119;201288
6047;38.4;158;482041
6049;41.8;13;22090
6051;23.1;4;27652
6053;36.8;298;857559
6055;44.4;184;298596
6057;38.9;137;232868
6059;36.8;2208;5943058
6061;42.6;340;658983
6063;53.9;41;50321
6065;41.1;1676;3686970
6067;48.7;1282;2414953
6069;28.7;28;126655
6071;43.9;1361;3706417
6073;39.6;2491;5829350
6075;36.5;469;1031239
6077;50.3;577;1159617
6079;43.3;335;574745
6081;39.2;635;1249406
6083;36.6;391;905455
6085;33.5;977;2736093
6087;42.2;246;586737
6089;52.6;286;408675
6091;36.9;5;8513
6093;46.8;76;104654
6095;51.4;340;663381
6097;44.7;586;1086963
6099;49.3;504;1074694
6101;40.9;82;172679
6103;64;119;139974
6105;74.3;33;30287
6107;39.7;307;877379
6109;48.2;99;126958
6111;36.6;635;1737220
6113;44.7;159;379463
6115;66.1;86;131007
8001;45.1;175;507548
8003;22.5;7;35481
8005;35.1;355;1091276
8007;22.4;6;26340
8009;27.5;5;10776
8011;48.3;7;12059
8013;30.1;97;388036
8014;40.5;15;57627
8015;31.1;19;38521
8017;24.7;2;5268
8019;32.5;5;22111
8021;19.3;5;20585
8023;0;0;8564
8025;7.7;1;8725
8027;15.1;2;8840
8029;33.4;38;71038
8031;35.7;444;1135533
8033;0;0;4357
8035;31.1;63;496625
8037;22.8;8;97754
8039;29.8;8;52552
8041;33.1;348;1178921
8043;46.5;67;98553
8045;36.6;33;110866
8047;58.3;3;11106
8049;30.4;7;29585
8051;25.9;5;31514
8053;114.2;2;1895
8055;26.2;7;17186
8057;67.6;3;3783
8059;29.3;225;755357
8061;56.3;3;3772
8063;39.8;9;18294
8065;16.1;2;17486
8067;20.4;20;103416
8069;32.7;191;630434
8071;25;15;37548
8073;30.7;5;12401
8075;40;24;48274
8077;40.4;160;303030
8079;29.3;1;2108
8081;51.2;15;31478
8083;47.4;34;54125
8085;41.1;48;86866
8087;35.7;28;67498
8089;38.9;26;48985
8091;0;0;9718
8093;28.5;10;37519
8095;25;4;11495
8097;44.2;9;33693
8099;27;10;34201
8101;33.9;154;353838
8103;46.9;7;14526
8105;29.6;12;30419
8107;36.1;10;46516
8109;41;6;15407
8111;0;0;1345
8113;41.5;2;15484
8115;53.1;5;6567
8117;25.5;2;50429
8119;20.7;7;51188
8121;23.5;4;11780
8123;39.6;97;305222
8125;35.8;12;24776
8911;38.2;102;334121
8912;37.6;80;276169
8913;30.5;144;507051
8914;30.1;45;181561
9001;36.5;919;1942595
9003;38.7;1007;1868857
9005;41.1;248;461688
9007;44.8;222;379293
9009;41.2;1038;1815123
9011;50.1;361;596969
9013;50.1;168;335775
9015;51.4;156;271644
10001;54.9;163;254974
10003;46.1;531;972366
10005;49.8;284;349699
11001;27.4;142;518118
12001;44.4;185;421785
12003;58.9;28;47719
12005;54.6;229;328509
12007;53.5;36;48397
12009;52.4;966;1115066
12011;45;2277;3183856
12013;30.9;11;25602
12015;41.2;368;366336
12017;51.6;356;309424
12019;61.5;204;341911
12021;37.1;439;635518
12023;57.6;88;118791
12027;40.1;40;62035
12029;65.6;31;30577
12031;58.5;886;1356633
12033;52.8;386;541096
12035;46.7;120;134889
12037;109.8;32;21755
12039;43.3;29;47957
12041;50;22;34365
12043;46.3;17;21223
12045;58.7;23;26606
12047;68;15;18041
12049;29.1;20;56494
12051;57.3;37;68475
12053;55.1;380;344450
12055;41.3;193;203643
12057;43.3;1070;2137918
12059;41.7;25;42145
12061;53.5;308;275533
12063;44.7;51;81207
12065;31.3;9;19958
12067;37.6;7;13555
12069;41.5;438;544529
12071;45.3;949;1105156
12073;43.6;172;416034
12075;55.5;65;80325
12077;42.6;6;12680
12079;41.6;17;26611
12081;44.5;552;646520
12083;52;609;611415
12085;42.5;286;314283
12086;22.6;1377;4554180
12087;49.1;110;172231
12089;56;91;138943
12091;55.2;241;370539
12093;55.5;59;79613
12095;44.3;799;1770924
12097;49;219;428859
12099;41.2;2086;2515055
12101;50.5;863;928926
12103;47.6;1848;2104031
12105;47.6;782;1071612
12107;70.4;160;145508
12109;45.2;195;322781
12111;48.6;380;433376
12113;49;153;294960
12115;40.8;789;840848
12117;45.8;393;826588
12119;40.3;103;116150
12121;50.2;59;79715
12123;67.6;35;37858
12125;75.3;15;20886
12127;53.1;993;1042034
12129;34.6;19;53071
12131;42;56;100045
12133;59.9;36;44187
13001;39.3;16;34923
13003;37.3;6;15206
13005;46.4;13;21328
13007;18;1;5182
13009;58.6;42;57179
13011;24.3;9;35750
13013;38;37;110794
13015;46;78;185119
13017;59.5;23;28760
13019;59.6;26;36489
13021;39.7;122;202852
13023;24.4;8;22428
13025;62.4;22;35896
13027;39.6;14;24984
13029;52.9;22;52875
13031;37;35;100883
13033;56.9;17;27635
13035;59.5;23;35420
13037;37.7;3;5182
13039;48.2;22;82624
13043;36;8;17673
13045;43.6;87;197709
13047;50.8;80;141640
13049;47.2;10;17857
13051;48.4;222;334419
13053;83.5;5;16896
13055;33.5;25;57677
13057;51.6;136;373256
13059;30.9;43;178545
13061;62.8;5;3506
13063;52.2;143;228238
13065;86.1;12;11991
13067;37.6;395;1180451
13069;42.2;32;69688
13071;46.7;47;79536
13073;48.4;83;200419
13075;24.6;9;28540
13077;42.9;73;196634
13079;49;11;23519
13081;39.8;19;31155
13083;42.2;18;38999
13085;56.9;22;43312
13087;52.9;29;42459
13089;33.9;291;652494
13091;42.6;19;33178
13093;54.6;11;13418
13095;52.6;77;91303
13097;50.9;87;185446
13099;44.5;12;15927
13101;37.7;2;7887
13103;34.6;25;87972
13105;39;20;36043
13107;33.5;17;36137
13109;45.9;10;18188
13111;53.6;44;53260
13113;32.9;68;204083
13115;53.2;137;200440
13117;35.6;72;276063
13119;38;24;48253
13121;38.6;394;1085774
13123;36.3;26;60585
13125;10.4;1;6067
13127;42.8;79;128970
13129;37.5;43;110994
13131;32.8;17;41716
13133;48;18;21286
13135;45.1;366;1185814
13137;35.4;39;86819
13139;37.5;116;333975
13141;32.2;3;4695
13143;37.8;28;64145
13145;42.8;23;50268
13147;37;26;47001
13149;45.6;11;25098
13151;53.1;116;271993
13153;43.8;96;207979
13155;40.4;11;18583
13157;57;59;103506
13159;32.5;8;22561
13161;50.7;15;27120
13163;42.6;13;19046
13165;30.8;5;12671
13167;44.7;10;13811
13169;55;26;47289
13171;48.4;16;28632
13173;67.7;9;13189
13175;32.3;32;74553
13177;47.4;17;57148
13179;77.8;32;70496
13181;40.5;8;13992
13183;74.4;9;19030
13185;52.9;77;146787
13187;56;29;55742
13189;30;13;33780
13191;34.3;8;17115
13193;49.2;9;13214
13195;54.3;35;60867
13197;51.9;5;11341
13199;46.1;22;33518
13201;30.8;6;11661
13205;46.2;19;30165
13207;47.1;20;40604
13209;46.9;8;15785
13211;30.9;11;29497
13213;72.5;59;94378
13215;45.8;155;239845
13217;44.7;58;132394
13219;25.1;13;63571
13221;41.5;13;26690
13223;47.8;64;209371
13225;51.1;19;32918
13227;37.8;28;63752
13229;53;21;35674
13231;52.9;16;31112
13233;61.8;62;83665
13235;42.8;10;16992
13237;52;26;33429
13239;74.7;5;3526
13241;49.1;29;38422
13243;17.1;3;7650
13245;56;174;229650
13247;50.6;72;131938
13249;42.8;3;6969
13251;55.6;18;21116
13253;44.1;11;15512
13255;40.2;51;101030
13257;34.7;28;56945
13259;77.8;7;4967
13261;34.8;20;42472
13263;73.1;6;6613
13265;0;0;2134
13267;84.1;36;35735
13269;49.2;7;12456
13271;34.2;8;17888
13273;51.8;10;10782
13275;37.3;37;67671
13277;32.6;28;68787
13279;21.4;13;49925
13281;24.3;12;25048
13283;40.3;6;11507
13285;59.1;75;102432
13287;47.9;8;13977
13289;42.1;7;15040
13291;36.5;29;46192
13293;52.9;38;50537
13295;61.9;117;151926
13297;47.7;66;142985
13299;39.6;38;64220
13301;36.6;4;6505
13303;52.6;18;25541
13305;47.3;29;52311
13307;22.7;1;2914
13309;16;2;9490
13311;33.5;22;53310
13313;53.4;109;202760
13315;60.3;11;12790
13317;69.9;16;15176
13319;45.6;10;15581
13321;59.4;28;38444
13999; ;0;0
15001;45.8;74;119706
15003;32.6;166;426163
15005;0;0;38
15007;20;11;44164
15009;34.9;42;109867
15900; ;0;0
15911; ;0;0
15912; ;0;0
15913; ;0;0
15914; ;0;0
15915; ;0;0
15999; ;0;0
16001;39.4;267;761289
16003;26.6;3;8284
16005;26.2;45;184460
16007;8.8;2;15826
16009;31.6;8;20143
16011;13.4;12;97394
16013;26.9;10;47805
16015;43;8;16885
16017;45;51;94173
16019;21.4;42;209748
16021;59.9;16;24262
16023;75.9;7;7032
16025;39.1;1;2445
16027;28.2;96;354880
16029;9.8;2;18181
16031;19.2;10;52722
16033;142.3;3;2241
16035;30.1;9;19341
16037;29.5;4;10231
16039;51.2;23;60189
16041;7.7;2;28994
16043;32.3;10;28589
16045;63.9;32;38610
16047;40.1;17;34261
16049;37.7;20;36420
16051;14.1;6;48577
16053;36.6;17;45100
16055;48.5;155;283187
16057;28.3;22;80965
16059;46.5;13;19340
16061;50.8;7;8677
16063;27.5;3;9935
16065;12.6;5;73699
16067;13.3;7;47827
16069;56.4;72;88722
16071;14.8;2;10132
16073;24.1;7;24866
16075;43.7;25;52120
16077;13.2;2;18069
16079;41.4;21;32470
16081;17.3;2;15529
16083;32.3;66;163653
16085;41.7;10;18510
16087;46.8;16;24845
17001;37.9;92;168674
17003;42.4;12;15249
17005;30.9;17;39760
17007;37.5;40;109229
17009;57;9;12327
17011;49.7;67;89455
17013;39.6;9;12548
17015;42.4;27;40796
17017;38.7;18;33918
17019;42.6;156;364100
17021;58.7;77;86885
17023;31.4;19;43165
17025;38.4;21;36784
17027;38;40;85249
17029;48.7;72;130559
17031;39.4;4259;9097563
17033;27.3;21;47813
17035;28.8;11;28110
17037;40.8;81;211223
17039;33.4;20;42157
17041;36.1;26;50583
17043;38.5;801;2019293
17045;56.6;39;49072
17047;30.8;8;17612
17049;30.1;33;86239
17051;33.3;26;51658
17053;31.8;16;36552
17055;47.9;72;101101
17057;43.5;60;90885
17059;51.9;13;16100
17061;42.7;25;37189
17063;42.6;46;96873
17065;28.6;10;21616
17067;31.2;23;50410
17069;57.9;11;11757
17071;47.4;14;20540
17073;33.2;59;126625
17075;35.8;39;77456
17077;34;43;116949
17079;42;14;25447
17081;39.4;52;91418
17083;35.3;24;55572
17085;42.7;36;55507
17087;36.4;14;26151
17089;40.8;332;991843
17091;55.2;151;222928
17093;44.1;56;151903
17095;56.1;113;129258
17097;48.5;618;1454284
17099;55.5;211;277955
17101;49.7;30;39398
17103;44;46;84294
17105;35;44;94924
17107;28;29;72892
17109;44.4;42;77906
17111;46.5;259;673210
17113;40.3;133;361288
17115;48.3;172;245450
17117;49.8;85;124019
17119;48.9;379;614368
17121;52.9;74;101044
17123;41.9;21;32800
17125;42.8;24;40336
17127;38.8;20;36889
17129;41.6;16;31778
17131;35.9;22;42777
17133;34.8;28;72893
17135;42;47;73126
17137;44.9;52;86826
17139;55;28;36870
17141;47.3;72;130093
17143;47.9;247;379818
17145;38.6;28;51614
17147;32.7;18;41518
17149;50.9;36;43051
17151;30.1;5;10347
17153;26.2;5;12362
17155;17.2;4;15170
17157;39.6;42;74819
17159;26.4;17;40811
17161;40.3;194;344858
17163;48.3;283;452886
17165;58.8;59;65538
17167;44.2;243;438514
17169;27.9;8;17624
17171;29.2;6;14101
17173;28.8;25;56833
17175;47.1;11;16127
17177;35.8;59;113399
17179;41.4;172;321488
17181;49.4;32;46102
17183;46.7;126;188776
17185;48.9;22;32156
17187;37.7;25;45874
17189;34.1;17;37930
17191;41.8;29;43238
17193;53.4;33;39589
17195;36.5;76;150779
17197;46.5;475;1204419
17199;37.5;85;154508
17201;46.8;352;618277
17203;26.5;30;91072
18001;28.9;31;84341
18003;40.6;328;733944
18005;36.7;76;174995
18007;48.4;15;23203
18009;46.8;23;35001
18011;42.8;55;121520
18013;37.2;17;37329
18015;25.3;15;50461
18017;52.7;64;98730
18019;58.8;161;231172
18021;35.5;32;67968
18023;45.3;48;85463
18025;59.3;18;27150
18027;27;24;74834
18029;58.8;72;117706
18031;39;28;61448
18033;34.2;37;100912
18035;50.6;172;283233
18037;23.3;27;100693
18039;39.9;182;434622
18041;60.6;50;63623
18043;57.5;116;173150
18045;38.3;22;44450
18047;20.6;13;56040
18049;44.4;29;51300
18051;46.2;50;81212
18053;45.4;102;172050
18055;46.2;51;83667
18057;43.6;159;496454
18059;37.7;58;145480
18061;42.1;39;87638
18063;44.8;116;276291
18065;44.9;76;122265
18067;47.3;119;200080
18069;47;56;96605
18071;36.7;46;103463
18073;52;45;77173
18075;45.3;33;54576
18077;58.5;55;78929
18079;55.3;39;69507
18081;49.4;154;301827
18083;43.7;59;95208
18085;34.1;69;184074
18087;26.2;22;87309
18089;44.2;490;894300
18091;47.5;150;240936
18093;54.4;84;116895
18095;55;229;305440
18097;60.1;1058;1590603
18099;35;47;113672
18101;36.3;12;25409
18103;57.2;58;85790
18105;45.1;115;282408
18107;29.1;34;93008
18109;59.9;104;169160
18111;69.7;29;35884
18113;57.2;66;114926
18115;83.9;15;14443
18117;39.4;23;49047
18119;67.3;41;55899
18121;49.8;28;43338
18123;54.1;32;45191
18125;49.4;21;32063
18127;46.1;179;371634
18129;40.9;31;66447
18131;35.4;15;33753
18133;55.7;55;85469
18135;48.7;45;68416
18137;43.3;34;68191
18139;53.1;29;45087
18141;42.8;306;585060
18143;62.6;38;58679
18145;47.7;57;107907
18147;38.8;23;50021
18149;54.2;39;57271
18151;37.4;34;81962
18153;62.9;41;50044
18155;37.3;10;23119
18157;41.4;128;338678
18159;44.3;24;41726
18161;41.6;9;18164
18163;53.8;300;406547
18165;45;27;42165
18167;56.7;179;245393
18169;44.1;54;87334
18171;34.9;9;21137
18173;51;73;133451
18175;48.6;36;68390
18177;52.9;122;170892
18179;24.8;23;69921
18181;40.2;34;63098
18183;42.2;38;78180
19001;46.7;16;20366
19003;50.7;8;11024
19005;20;11;35895
19007;22.5;12;34962
19009;24.4;7;17051
19011;40.4;32;64925
19013;40.2;149;296410
19015;38.7;35;66306
19017;23.9;21;59652
19019;35.6;23;52159
19021;34.7;21;47821
19023;22.7;14;38079
19025;22.9;11;26824
19027;43.8;35;53727
19029;31.9;18;36816
19031;35.4;21;45623
19033;39.6;70;115747
19035;45.5;24;31835
19037;44.4;20;32029
19039;20.6;8;23018
19041;31.6;20;43650
19043;38;27;46237
19045;41.5;71;123778
19047;29.8;16;41208
19049;28.4;29;110686
19051;29.6;9;21584
19053;11.6;4;21646
19055;10.7;6;45843
19057;49.8;75;101864
19059;31.3;23;41791
19061;37.9;110;225672
19063;31.6;14;27307
19065;46.1;38;54011
19067;30.5;21;42554
19069;15.1;8;26810
19071;51;14;19877
19073;27.9;12;25658
19075;21.3;11;31369
19077;39.4;17;28717
19079;29.9;20;40223
19081;43.4;18;30027
19083;31.4;25;46519
19085;26.5;15;39621
19087;40.8;26;48107
19089;18.4;7;24677
19091;38.3;17;25776
19093;15.4;6;19383
19095;22;12;40327
19097;36.1;27;51133
19099;45.6;57;91689
19101;26.4;14;39746
19103;31.2;63;263784
19105;36.5;24;47840
19107;44.8;17;29042
19109;35.6;25;42113
19111;46.7;62;90942
19113;41.7;226;472709
19115;30.3;11;30326
19117;26.4;10;24317
19119;17.7;8;29279
19121;32.3;14;36199
19123;47.7;34;54749
19125;31.6;31;80574
19127;41;54;96622
19129;50.1;21;36382
19131;24.8;11;27570
19133;64.4;30;24996
19135;41.4;13;19864
19137;42.8;18;29810
19139;47.1;57;103567
19141;31.2;20;37182
19143;9.2;2;17356
19145;35.5;24;39964
19147;26.3;13;25058
19149;15.3;13;61551
19151;32.8;12;21102
19153;44.6;425;904110
19155;43.4;113;220818
19157;38;25;47939
19159;22.7;6;13761
19161;48.9;20;28069
19163;48.6;205;368881
19165;40.5;21;32561
19167;17.9;18;79904
19169;27.7;49;181024
19171;37.1;25;42363
19173;34.5;7;17516
19175;50;22;31292
19177;29.9;8;19390
19179;40.6;56;90029
19181;23.8;28;105241
19183;30.9;24;53798
19185;33.1;10;17341
19187;41.9;58;94911
19189;27;11;29110
19191;25;16;53022
19193;47.4;142;245486
19195;31.1;9;19549
19197;38.7;21;35121
20001;39.8;23;34880
20003;29.5;10;20378
20005;46.5;27;40165
20007;45.8;10;13150
20009;37.8;39;70205
20011;36.9;21;37405
20013;24.2;10;24169
20015;39.3;68;146427
20017;58.2;6;7358
20019;69.9;12;10502
20021;53.4;38;53631
20023;15.5;2;7671
20025;36.4;4;5923
20027;29;9;21453
20029;34.5;14;25745
20031;37.3;11;22091
20033;23;2;5036
20035;47.9;55;85547
20037;41;51;93061
20039;12.6;2;8465
20041;40;30;48146
20043;36.7;9;19824
20045;42.1;75;226505
20047;0;0;8364
20049;50.3;7;8159
20051;27.4;23;68130
20053;17.5;5;14928
20055;33.4;22;92519
20057;45.6;32;74850
20059;42.5;31;62321
20061;39.4;19;48204
20063;27;4;7552
20065;11.5;2;7024
20067;39.3;7;18985
20069;25.2;4;14685
20071;18;1;3630
20073;41.4;12;19103
20075;49.9;5;6624
20077;60;16;16135
20079;38.5;44;82567
20081;12.1;1;10266
20083;28.1;2;5307
20085;40.1;15;30304
20087;33.3;17;45423
20089;41;7;8925
20091;38.7;431;1123676
20093;27.9;3;10851
20095;49.9;14;21258
20097;0;0;7949
20099;40;31;52541
20101;49.3;3;5063
20103;37.1;54;148151
20105;5;1;8818
20107;37.6;12;23859
20109;53.4;7;7456
20111;37;35;86133
20113;29.9;34;73419
20115;34;17;33280
20117;30.8;14;26587
20119;17.6;3;11466
20121;42.6;31;71388
20123;33.4;9;16713
20125;52.7;68;81435
20127;32.5;8;15140
20129;18.3;2;8396
20131;17.3;7;26255
20133;41.8;26;41916
20135;25.1;4;8180
20137;24.3;5;12969
20139;56.4;32;42323
20141;85.9;17;10651
20143;43.9;9;15206
20145;48.8;12;15608
20147;35.9;8;14608
20149;23.5;13;45647
20151;23;7;24060
20153;34;4;7143
20155;39;84;154024
20157;59.7;14;14029
20159;34;14;26613
20161;46.2;44;129823
20163;26.7;6;13756
20165;44.4;7;8847
20167;29.7;14;18011
20169;40.1;65;127583
20171;26.7;4;12303
20173;44.5;472;980290
20175;32.2;13;51198
20177;45.6;225;382768
20179;7.8;1;6678
20181;27.3;7;15588
20183;25;7;11090
20185;22.3;4;11803
20187;0;0;5765
20189;26.3;4;13485
20191;42.1;34;63030
20193;46.2;11;20412
20195;46.6;7;8164
20197;29.3;6;16666
20199;0;0;4093
20201;13;5;15283
20203;62.5;5;5914
20205;33.8;12;25519
20207;10.2;3;9300
20209;57.3;171;267748
21001;62.9;33;43118
21003;66.4;35;45499
21005;72.4;35;48487
21007;28.5;8;20009
21009;40.1;48;95639
21011;63.1;21;28071
21013;49.7;45;75323
21015;55.6;104;227628
21017;58.1;33;46271
21019;53.5;93;123838
21021;50.5;43;63540
21023;49.4;12;21171
21025;71.6;32;40048
21027;48.6;27;46043
21029;59.3;77;158540
21031;59.5;23;32860
21033;49.6;22;31769
21035;38.6;42;83474
21037;69.1;175;221370
21039;37.9;6;13383
21041;61.1;17;24835
21043;51.9;41;68494
21045;42.1;22;40135
21047;44.4;59;126311
21049;49.5;46;82154
21051;61.4;36;56458
21053;39.4;13;24761
21055;59.1;19;23473
21057;36.8;9;17690
21059;52.6;151;225223
21061;75.2;27;29633
21063;42.3;9;17450
21065;45.6;22;39131
21067;54;305;551937
21069;35.6;15;35439
21071;89.2;108;106405
21073;63.4;86;110866
21075;61.4;15;15139
21077;98.3;19;19468
21079;45.1;19;38144
21081;68.7;37;58901
21083;43.4;53;90031
21085;46.1;35;61064
21087;51.6;21;28662
21089;50;62;94619
21091;41.6;9;21017
21093;59.9;124;199688
21095;73.7;73;81204
21097;45.6;25;44993
21099;71.4;36;42183
21101;48.9;63;107018
21103;38;16;37073
21105;22.7;4;12113
21107;64.8;98;112435
21109;62;22;34264
21111;57.8;1068;1406798
21113;49.2;43;99211
21115;70.7;50;60541
21117;61;237;366274
21119;63.5;31;44246
21121;62.1;55;81049
21123;44.3;19;32978
21125;56.7;80;136794
21127;80.1;36;39683
21129;126.3;30;18662
21131;61.8;22;31214
21133;81.3;60;62879
21135;53.6;20;34755
21137;66.4;46;59594
21139;57.4;18;24510
21141;48.4;39;63495
21143;45.3;12;16924
21145;45.4;100;149248
21147;61.8;28;42923
21149;53.2;17;25191
21151;49.7;81;178581
21153;89.3;30;33599
21155;46.6;22;41557
21157;41.6;48;77053
21159;80.7;25;31479
21161;44.4;24;39870
21163;50.4;25;64322
21165;18;4;16456
21167;47.9;33;51610
21169;60.3;20;25113
21171;38.7;15;29110
21173;50;32;57039
21175;54.3;20;31692
21177;56.4;61;76804
21179;34.4;32;92655
21181;72.6;16;17533
21183;58.7;42;57994
21185;44.3;36;112014
21187;48.6;15;26842
21189;31.7;5;11944
21191;38.8;14;36688
21193;93.5;76;73931
21195;59.4;118;171383
21197;39.9;13;33409
21199;53.6;102;144050
21201;46.6;4;5768
21203;44.4;21;41904
21205;49.5;27;55380
21207;45.6;27;42243
21209;63.7;45;84692
21211;60.9;51;80286
21213;48.5;21;37657
21215;44;12;32794
21217;54.9;41;56853
21219;47.8;16;27558
21221;34.5;14;29139
21223;45.6;10;21674
21225;59.5;25;34364
21227;45;99;214880
21229;29.7;10;25649
21231;44.4;26;49902
21233;54.9;24;34050
21235;63.3;68;94237
21237;40.9;8;17521
21239;78;43;56978
22001;55.2;79;122446
22003;36;19;43369
22005;59;74;161998
22007;40;18;40000
22009;44.8;42;73367
22011;53.2;42;71086
22013;58.8;22;22116
22015;55.5;118;193330
22017;50.6;264;342999
22019;53.7;219;347253
22021;59.5;16;21630
22023;78.7;17;23043
22025;53.3;14;19381
22027;45.8;17;21599
22029;32.1;14;30923
22031;64.9;32;37817
22033;37.9;272;586654
22035;54;7;7028
22037;47.7;15;26587
22039;52.1;44;63141
22041;38.2;18;36704
22043;41;19;41377
22045;51.8;74;124166
22047;24.8;13;41140
22049;49.2;19;28396
22051;49.9;562;831649
22053;41.6;31;65602
22055;49.8;181;361550
22057;33.1;70;193497
22059;33.7;15;31671
22061;31.5;22;61270
22063;45.9;89;236314
22065;19.6;3;12472
22067;52.5;36;43629
22069;52.2;37;58922
22071;41.8;244;349415
22073;46.4;144;247315
22075;32;16;48939
22077;30.2;13;34981
22079;46.6;135;220421
22081;21.6;5;14062
22083;58.7;27;33506
22085;57;37;43818
22087;56.3;111;152222
22089;50.2;41;89964
22091;70.6;11;12154
22093;18.7;6;26681
22095;47.3;27;58918
22097;49.2;83;128911
22099;49.9;41;82651
22101;49.8;51;85839
22103;58.1;259;448486
22105;49.1;99;184046
22107;56.7;6;6869
22109;41.1;86;200490
22111;52.4;30;41644
22113;46.4;68;116036
22115;58.3;50;95468
22117;53.4;56;76522
22119;52.6;57;70147
22121;44.2;15;34664
22123;32.6;13;24875
22125;28.5;4;15837
22127;36.8;15;27403
23001;51.7;177;264915
23003;44.6;120;182887
23005;50.6;423;671172
23007;40.2;38;75908
23009;46.5;83;131858
23011;47.9;179;300399
23013;34.6;52;101963
23015;49.9;66;87411
23017;48.8;91;140851
23019;54.7;240;364390
23021;53.4;35;43591
23023;43.7;48;89493
23025;39.6;65;128905
23027;45.7;52;94564
23029;56;66;81202
23031;48.6;288;491690
24001;40;115;179400
24003;53.6;574;1033091
24005;51.7;1154;1477309
24009;52.3;77;173711
24011;63.9;49;64704
24013;42.9;170;386830
24015;52.4;111;216136
24017;51.5;101;215590
24019;46.8;42;56322
24021;33;151;475603
24023;33.4;34;75287
24025;45.8;237;504644
24027;35.4;142;486446
24029;55.7;37;41379
24031;29.1;591;1631078
24033;47.4;354;592910
24035;41;44;97076
24037;50.4;80;184736
24039;59.8;34;35314
24041;43.6;58;74904
24043;47.2;194;310242
24045;60.1;122;165855
24047;51.8;90;100985
24510;64.9;498;534762
25001;45.1;472;574197
25003;48.3;250;334689
25005;40.3;666;1332708
25007;47.5;25;37130
25009;48;1080;1751449
25011;41.7;96;179545
25013;44.4;607;1046694
25015;39;168;379645
25017;43.1;1789;3337961
25019;56.3;13;21730
25021;48.9;1000;1519868
25023;54.3;704;1129568
25025;54;689;1137385
25027;43.6;943;1824773
26001;37.9;21;28628
26003;45.4;15;21534
26005;42.7;118;265173
26007;38.5;43;78565
26009;41.9;36;58671
26011;42.4;25;41385
26013;46.4;13;17556
26015;43.9;69;143555
26017;52.7;185;273668
26019;30.1;18;41392
26021;43;199;338967
26023;48.9;64;109334
26025;43;164;307415
26027;43.7;63;117849
26029;53.8;44;65156
26031;32.7;33;65680
26033;41.9;39;71539
26035;47.3;55;79136
26037;30;48;164012
26039;40.1;20;35389
26041;41.2;57;94507
26043;31.1;31;68779
26045;36.5;101;248112
26047;41;43;79155
26049;51.6;523;873918
26051;53.1;55;66424
26053;30.4;24;40832
26055;34.9;84;200752
26057;31.4;39;99844
26059;47.2;67;116537
26061;41.2;42;80301
26063;35.5;50;88556
26065;40.8;233;599182
26067;46.5;67;143625
26069;40.6;48;67652
26071;51.4;30;31957
26073;52.4;68;156273
26075;45.1;198;363267
26077;42.3;251;536230
26079;36;18;41570
26081;36.5;480;1289399
26083;20.1;2;5318
26085;35.3;13;24582
26087;44.4;94;220068
26089;23.2;18;51784
26091;44.5;126;244392
26093;43;151;408847
26095;44.9;9;14505
26097;56.2;23;24349
26099;44.5;1069;1911711
26101;32.5;30;60173
26103;46.2;87;156222
26105;46.1;46;71262
26107;46.3;54;95046
26109;45.5;41;61554
26111;39;90;206329
26113;40.2;18;36973
26115;41.8;163;364025
26117;36.1;60;149888
26119;53.5;26;26353
26121;42.3;187;363777
26123;51.3;69;119385
26125;41.8;1239;2549010
26127;17.4;14;67053
26129;59.9;49;54204
26131;41.1;13;18684
26133;42.3;31;58731
26135;49.1;19;23805
26137;38.4;27;59626
26139;24.8;140;598705
26141;42;25;35577
26143;60;71;64794
26145;43.5;241;425497
26147;56.3;258;409660
26149;52.8;94;151726
26151;36.2;53;111721
26153;56.5;19;20468
26155;30.5;61;181520
26157;44.6;76;143767
26159;38.5;76;180803
26161;44.5;259;658689
26163;51.8;1793;2800428
26165;37.8;36;76918
27001;47.8;32;37528
27003;53.2;302;724039
27005;30.4;31;70157
27007;39.7;39;80853
27009;30.9;26;88273
27011;32.7;8;14400
27013;25.1;36;136396
27015;32.6;30;67085
27017;41.3;40;75452
27019;25.4;33;184414
27021;34.9;34;60657
27023;26.2;15;32343
27025;44.9;43;107769
27027;29.7;44;129898
27029;31.1;8;18906
27031;51.7;9;11977
27033;23.9;12;29854
27035;37.5;73;143093
27037;39.9;270;861763
27039;20.9;11;46156
27041;29.5;39;83691
27043;42.2;28;39732
27045;17.7;14;53503
27047;22.6;27;80706
27049;26.8;39;110055
27051;38.4;10;15786
27053;42.2;1148;2358986
27055;30.8;19;49586
27057;33.4;22;45172
27059;33.7;27;83416
27061;40.6;61;105553
27063;29.8;15;27414
27065;45.9;21;37872
27067;32.9;43;102037
27069;20.9;5;12531
27071;40.4;23;34397
27073;3.7;2;19637
27075;40.6;17;27651
27077;67.3;11;10761
27079;36.2;29;64814
27081;27.1;7;15754
27083;30.7;22;61625
27085;13.2;15;88473
27087;23.9;3;8614
27089;27;9;24389
27091;26.9;27;53998
27093;23.2;18;56308
27095;40.9;31;56601
27097;29;30;79432
27099;39;57;95351
27101;25.7;9;22475
27103;35.7;28;74065
27105;23.3;20;48598
27107;31.8;11;17789
27109;31.1;100;301096
27111;25.6;56;141443
27113;26.6;12;33417
27115;43.9;36;63757
27117;23.8;9;24502
27119;37.5;41;76416
27121;30;14;28088
27123;43.9;570;1057317
27125;54.5;8;10507
27127;35.7;21;39280
27129;34.8;22;41885
27131;34.5;50;140704
27133;24.3;11;24044
27135;9.5;4;38189
27137;41.5;279;486216
27139;45;70;240293
27141;47;58;172873
27143;26.2;13;37461
27145;26.7;87;331014
27147;36.4;36;84496
27149;28;9;24600
27151;20.3;9;25952
27153;31.2;27;59780
27155;36.3;8;9727
27157;44.2;30;54313
27159;42.9;21;34029
27161;31.5;18;45334
27163;40.4;159;495952
27165;23.6;11;29007
27167;59.2;14;17497
27169;38.7;53;123078
27171;44.7;88;241239
27173;31.2;12;26476
28001;55.5;34;39561
28003;42.4;47;78703
28005;37.1;11;19532
28007;31.9;15;29795
28009;56.8;12;12882
28011;34.6;16;34164
28013;34.2;15;27054
28015;40.2;10;17097
28017;43.7;18;28726
28019;15.2;4;16950
28021;23.1;2;4594
28023;18.2;8;29630
28025;25.6;10;23963
28027;32.4;12;22046
28029;34;17;35771
28031;25.7;11;32398
28033;52.3;123;253620
28035;46.6;70;122970
28037;29.5;6;13531
28039;46.6;21;44756
28041;46.5;12;23215
28043;42.3;21;34515
28045;50.2;64;102584
28047;62.5;253;350190
28049;31.7;117;234106
28051;81.5;16;10881
28053;61.8;7;7545
28055;23.2;1;1907
28057;48.1;33;54945
28059;52.3;150;252644
28061;56.3;18;21933
28063;43.3;3;3148
28065;37.3;9;14549
28067;50;83;118952
28069;33.7;6;10270
28071;41.3;28;72167
28073;54.3;47;90123
28075;55.6;101;119338
28077;40;12;22989
28079;20;10;30845
28081;50.5;90;146181
28083;56.9;31;28673
28085;41.9;34;59335
28087;38.1;44;88276
28089;98.2;126;122277
28091;39.2;23;43479
28093;63.3;36;43143
28095;40.3;40;67527
28097;31.6;10;16681
28099;37.1;27;48969
28101;37.9;20;36682
28103;7.8;2;9181
28105;28.3;16;59549
28107;63.8;38;45262
28109;50.1;64;111290
28111;48.4;13;23523
28113;42.7;33;51663
28115;36.1;25;59118
28117;27.6;22;56219
28119;53.1;8;7764
28121;37.7;96;252668
28123;32.9;18;42346
28125;30;2;4904
28127;44.6;27;45545
28129;36.7;16;30898
28131;77.7;23;27822
28133;47.2;18;21997
28135;32.2;8;14874
28137;53;27;44543
28139;41;23;44508
28141;51.3;34;47647
28143;46.7;4;6642
28145;26.3;19;56118
28147;29.6;10;21522
28149;40.6;35;68793
28151;43.2;37;52329
28153;46.1;20;33666
28155;33.8;9;20733
28157;46.1;7;7396
28159;44.6;22;28359
28161;66.1;22;20551
28163;42.1;19;28869
29001;45.3;29;63418
29003;66.8;32;42131
29005;32.2;10;15737
29007;47.9;39;63141
29009;45.9;53;85299
29011;31.4;14;32065
29013;42.8;23;42593
29015;59.8;44;44603
29017;40.7;15;30499
29019;39.9;105;311178
29021;51.6;139;205609
29023;58.6;80;99360
29025;36.1;11;22835
29027;48;48;95424
29029;37.3;53;93750
29031;32.4;68;166902
29033;32.9;12;25527
29035;54.1;11;14836
29037;45.2;101;213665
29039;42.9;24;34836
29041;23.1;8;20615
29043;33.7;49;149970
29045;38.6;10;18629
29047;50;237;461144
29049;48.5;29;49219
29051;35.5;65;158504
29053;32.4;16;36723
29055;47.1;34;58268
29057;54.2;16;19739
29059;57.9;29;39711
29061;41.2;11;20587
29063;56;18;22455
29065;49.8;26;37855
29067;40.2;19;33235
29069;36.6;41;77413
29071;43.8;114;237716
29073;20.6;12;39431
29075;25.3;8;16945
29077;47.5;344;598558
29079;41.8;18;26674
29081;21.7;10;22446
29083;37;31;55807
29085;48.7;19;22933
29087;45;10;13062
29089;37.4;10;23921
29091;41.8;54;94525
29093;62.8;22;26308
29095;50.1;757;1238185
29097;45.1;141;263651
29099;59.4;273;504257
29101;44.6;45;113693
29103;39.6;8;11053
29105;51.3;53;82721
29107;37.8;40;81538
29109;47.3;55;89845
29111;39.9;13;25406
29113;41.4;40;104041
29115;39.6;20;35032
29117;41.2;25;37160
29119;48.5;26;51573
29121;50.1;29;38355
29123;67.6;28;30681
29125;29.9;9;21613
29127;48.9;46;69564
29129;37.5;6;9353
29131;49.8;37;60698
29133;60.3;26;27752
29135;16;6;34617
29137;30.9;10;22481
29139;44.5;19;29659
29141;50.6;37;49568
29143;55.7;33;41763
29145;40;66;131136
29147;34.5;22;53176
29149;56.3;21;25468
29151;14.9;6;32247
29153;59.4;23;23709
29155;41.7;23;37760
29157;29;17;45047
29159;54.9;67;96710
29161;35.6;42;95406
29163;56.9;30;39574
29165;40.9;69;182789
29167;34.6;28;69712
29169;53.6;38;83148
29171;24;5;13139
29173;35;10;23731
29175;35.5;27;56627
29177;61;41;58051
29179;59.1;13;16165
29181;32.9;16;34365
29183;49.7;323;731014
29185;44.3;17;23891
29186;25.5;13;44469
29187;62.7;110;138377
29189;43.2;1238;2021255
29195;49.4;35;54997
29197;16.9;3;10871
29199;44.5;8;12552
29201;48.1;59;92908
29203;75.5;19;20801
29205;62.1;15;17159
29207;46.5;50;75999
29209;44.7;50;74466
29211;54.2;12;17545
29213;54.3;73;102937
29215;41.5;35;58530
29217;34.4;24;51481
29219;55.9;40;64053
29221;78.7;47;56275
29223;56.3;27;32836
29225;35.3;30;79860
29227;18.5;2;5818
29229;42.1;25;45989
29510;54.7;299;405327
30001;53.4;13;21532
30003;25;4;12191
30005;36.1;5;8916
30007;45.9;7;10672
30009;30.7;10;23882
30011;24.1;1;3451
30013;57.1;140;186270
30015;38.8;7;11938
30017;43.8;20;28777
30019;18.7;2;4809
30021;40.1;13;21895
30023;29.6;11;22199
30025;18.3;2;6774
30027;48.4;22;29476
30029;45.6;100;191444
30031;29;40;167170
30033;12.6;1;2984
30035;38.9;6;11967
30037;75;2;2537
30039;31.2;3;6909
30041;47.9;19;32930
30043;39.8;9;25457
30045;36.8;3;5395
30047;37.1;27;51404
30049;51.3;79;139636
30051;10.9;1;5226
30053;41;25;45432
30055;13.6;1;4571
30057;12.8;3;16976
30059;39.7;3;4841
30061;44.1;5;9085
30063;41;90;233236
30065;84.9;13;11325
30067;56;30;39027
30069;0;0;1166
30071;38.8;6;10021
30073;81.4;16;13276
30075;0;0;4531
30077;39.3;8;14123
30079;14.7;1;2865
30081;30.1;38;93590
30083;34.1;11;22974
30085;54.4;9;10907
30087;62.8;9;14666
30089;29.8;11;24708
30091;26.1;7;9442
30093;51.9;61;82285
30095;50;13;20225
30097;45.4;6;8923
30099;35.1;8;15705
30101;47.6;8;12065
30103;0;0;1871
30105;35.2;10;16769
30107;44.5;4;5370
30109;52;2;2594
30111;44.2;173;320250
31001;28.9;33;79050
31003;32.9;10;18305
31005;0;0;998
31007;0;0;1885
31009;0;0;1345
31011;15.6;4;15072
31013;46.5;16;28166
31015;22.5;2;6019
31017;32.9;5;8787
31019;24;26;107397
31021;40.9;14;19286
31023;18.2;6;21546
31025;38.7;27;62228
31027;31;10;23116
31029;12.7;2;10147
31031;35.1;8;14441
31033;22.5;8;24802
31035;29.6;7;17520
31037;25.8;9;25011
31039;24.2;9;24445
31041;31.5;16;29284
31043;44;20;47726
31045;38.9;11;22026
31047;33.4;24;59282
31049;8.9;1;5243
31051;28.3;8;15398
31053;48.7;61;91516
31055;45.9;496;1016640
31057;34.6;3;5526
31059;36.4;11;16597
31061;75.5;12;8990
31063;0;0;7377
31065;10.3;2;13512
31067;32;30;58891
31069;41.5;4;5673
31071;48.1;4;4867
31073;10.5;1;5167
31075;0;0;1704
31077;27.6;3;6652
31079;31.8;51;132544
31081;25.6;8;23472
31083;32.9;5;9269
31085;14;1;2702
31087;0;0;7814
31089;17.1;10;28268
31091;0;0;2044
31093;32.5;7;16241
31095;15.9;6;20542
31097;15.4;3;11402
31099;43.2;10;17121
31101;50.7;18;21711
31103;0;0;2369
31105;45.9;8;9984
31107;17.1;6;21438
31109;40.6;244;597544
31111;40.7;47;86661
31113;79.5;2;1898
31115;0;0;1751
31117;0;0;1344
31119;27.8;31;86103
31121;16.9;5;20485
31123;16.7;3;13346
31125;22.7;3;9403
31127;38.9;13;18526
31129;28.5;7;12710
31131;41;22;38894
31133;8.9;2;7662
31135;33;4;7635
31137;27;10;24382
31139;4.2;1;19206
31141;23.6;22;77759
31143;8.8;2;13657
31145;22.4;10;28676
31147;44.6;16;22934
31149;73.8;5;4295
31151;24.6;13;34349
31153;42.9;91;299700
31155;23.5;15;49597
31157;28.5;39;93171
31159;27.7;15;40479
31161;22.3;6;13590
31163;7.1;1;8120
31165;30.8;1;3436
31167;40;8;16151
31169;11.7;4;14620
31171;0;0;1738
31173;48.7;6;8244
31175;18;4;11786
31177;36.8;20;47674
31179;35.4;9;24192
31181;36.6;8;10136
31183;0;0;2134
31185;20.3;11;36576
32001;60.1;36;53653
32003;57.1;1735;3009296
32005;48.9;68;103079
32007;43.6;30;99209
32009;28;1;1877
32011;23.6;1;3636
32013;68.5;21;36293
32015;94.3;8;12159
32017;48.3;7;9750
32019;62.1;67;90081
32021;70.4;11;9328
32023;68.2;87;80919
32027;55.9;6;11953
32029;46.4;5;8119
32031;53.2;431;794143
32033;41.7;10;17871
32510;52.8;92;123797
33001;47.5;91;147687
33003;35.9;61;113767
33005;41;94;189998
33007;42.5;54;83702
33009;40.5;97;204195
33011;45.5;440;945562
33013;40.8;165;351231
33015;51.5;358;706753
33017;48.9;144;290176
33019;43.6;60;103887
34001;54.5;356;499927
34003;36.6;1033;1880504
34005;45.9;503;884664
34007;53.1;654;990109
34009;49.3;205;247362
34011;47.1;176;280607
34013;36;506;1045087
34015;55.3;361;595882
34017;35.6;479;1122159
34019;32.6;104;303246
34021;36.4;306;660969
34023;39.3;729;1431240
34025;51.2;854;1390264
34027;42.5;539;1091126
34029;48.4;1087;1331078
34031;33.5;403;1002964
34033;53.7;97;138163
34035;30.5;221;635394
34037;54.8;185;363464
34039;32.9;455;982959
34041;41.8;127;262695
35001;29.5;432;1304116
35003;13.3;2;8166
35005;42.9;81;148608
35006;19.2;8;37571
35007;25.3;13;34001
35009;42.3;45;100398
35011;52.9;6;5346
35013;27.9;114;431656
35015;45.9;71;125817
35017;21.8;24;75504
35019;31.8;4;10099
35021;21.4;1;1872
35023;28.8;5;13343
35025;49.9;70;129564
35027;15;11;49161
35028;27.8;15;42960
35029;28;24;63011
35031;33.6;14;40114
35033;5.6;1;12721
35035;34.9;54;135812
35037;30.6;12;24221
35039;16.3;15;86547
35041;34.2;15;44178
35043;35.2;75;196927
35045;43.3;77;175644
35047;24.2;19;72484
35049;25.2;83;321841
35051;57.8;34;32138
35053;46.5;19;37591
35055;18.5;17;71731
35057;40.9;16;39149
35059;14.4;2;9855
35061;27.5;41;157270
35910; ;0;0
36001;46.7;413;648797
36003;53.4;79;123342
36005;31.4;634;1795144
36007;42.5;299;477581
36009;43.7;114;203453
36011;52.3;127;196163
36013;45.5;211;342826
36015;50.4;146;215886
36017;35.6;58;129040
36019;44.8;96;192664
36021;45;96;150130
36023;42.7;56;123677
36025;43.2;74;117790
36027;44.9;330;626818
36029;46.7;1409;2051701
36031;52.1;67;92235
36033;49.2;66;106103
36035;45.4;84;136692
36037;45.8;84;146751
36039;48.2;77;113782
36041;71;15;13191
36043;47.7;110;161960
36045;57.9;164;255260
36047;27.2;1173;3260166
36049;41.6;33;66350
36051;49.1;80;156739
36053;47.4;93;173050
36055;43.1;884;1552386
36057;34.8;65;125272
36059;39.7;1613;2842153
36061;34.5;1130;2734702
36063;54.2;383;516817
36065;40.3;317;550787
36067;44.9;606;1027783
36069;43.3;133;250872
36071;46.9;378;782740
36073;46.6;55;101382
36075;57.5;183;305695
36077;45.4;89;156482
36079;54.8;124;236580
36081;30.1;1402;3234066
36083;54.8;245;359923
36085;43.1;488;958998
36087;36.8;265;598973
36089;50.5;163;266909
36091;48.5;269;509227
36093;45;226;339236
36095;58.3;58;78284
36097;47.8;29;47751
36099;47;50;81750
36101;50;161;245832
36103;45.4;1721;3267254
36105;50.3;107;165454
36107;40.1;62;128400
36109;45.3;97;216006
36111;51.1;268;420283
36113;45.3;97;162371
36115;36.5;70;148293
36117;44.8;114;227728
36119;35.7;922;1895927
36121;41.5;49;97585
36123;55.8;45;62499
36910; ;0;0
37001;42.7;148;274527
37003;33.1;31;80491
37005;38;17;26904
37007;39.6;18;31787
37009;34;33;62033
37011;39.5;24;40823
37013;42.7;53;82223
37015;54.8;18;18480
37017;37.1;25;49402
37019;47;119;169340
37021;43.6;293;497235
37023;46.8;123;200731
37025;45.6;148;297849
37027;38.8;91;186145
37029;79.5;13;15692
37031;50.9;109;140777
37033;54.4;25;37134
37035;44.6;174;323642
37037;33.4;47;110071
37039;50.9;48;61505
37041;35.6;15;22893
37043;48.8;20;23140
37045;42.7;108;195837
37047;44.4;54;91637
37049;49.2;107;162804
37051;53.5;215;425685
37053;48.6;23;45749
37055;49.6;44;76508
37057;48.1;196;340243
37059;33.9;36;85623
37061;33.3;36;87086
37063;45.7;165;324878
37065;43.6;35;58406
37067;42.5;312;580083
37069;48.8;44;87937
37071;51.8;262;414929
37073;57.3;12;16241
37075;41.4;12;19027
37077;48.8;42;78432
37079;31.8;11;27657
37081;42.6;403;726507
37083;44.2;48;62792
37085;44.9;82;180667
37087;41.5;92;139998
37089;39.3;155;228061
37091;34.6;11;22247
37093;58.7;20;43275
37095;49;6;8782
37097;46.2;151;277629
37099;36.3;34;75880
37101;43.4;114;273218
37103;41.1;8;16671
37105;45.9;59;101670
37107;46;61;87843
37109;37;64;153741
37111;39.5;53;102272
37113;37.4;51;78685
37115;44.4;29;49699
37117;52.5;29;35519
37119;37.7;447;1218172
37121;35.8;24;39882
37123;32;22;51312
37125;45;134;165876
37127;39.3;76;144810
37129;45.5;190;345378
37131;57.5;22;22213
37133;58.3;114;249970
37135;50.5;103;243995
37137;43;17;24090
37139;35.8;27;52689
37141;37.4;38;80996
37143;30.2;10;21590
37145;44.1;37;65308
37147;38.5;83;225045
37149;30.2;26;45907
37151;39.9;144;313066
37153;47.7;54;78247
37155;53.6;71;109449
37157;50;129;188137
37159;37.1;135;276930
37161;35.7;71;144253
37163;41.1;50;102190
37165;44.8;28;48771
37167;39.4;68;127761
37169;54.4;69;108925
37171;34.8;84;174563
37173;47.6;18;23163
37175;41.5;52;72188
37177;81.6;8;5860
37179;37.6;99;298355
37181;53.2;40;55794
37183;43.1;438;1257271
37185;67.4;23;19907
37187;29.7;8;17104
37189;24.9;26;104058
37191;43.7;95;181813
37193;42.1;84;159711
37195;37.7;59;112745
37197;42.4;49;90229
37199;35.4;25;45056
38001;26.8;4;6497
38003;33.6;14;28511
38005;49.1;7;8494
38007;49.6;1;2047
38009;15.9;5;16746
38011;18;3;8014
38013;21;2;5307
38015;30.9;63;173520
38017;36.7;105;302397
38019;30.9;6;11428
38021;31.4;7;13979
38023;31.4;6;5457
38025;10.5;1;7520
38027;14.1;2;6590
38029;12.8;3;10180
38031;31;4;9010
38033;11;1;4739
38035;45.6;65;151117
38037;3.4;1;6552
38039;5.8;1;6531
38041;10.1;1;6427
38043;13.5;1;6453
38045;18.2;3;11232
38047;12.7;1;5477
38049;19.3;5;14079
38051;15.3;4;8420
38053;25.1;5;10818
38055;26.1;9;21169
38057;35.2;9;20478
38059;38.1;30;61229
38061;32.4;7;11066
38063;38.8;8;8907
38065;105.7;6;4609
38067;22.7;8;20251
38069;49.9;9;11334
38071;42.9;18;27319
38073;31.6;8;14172
38075;12.1;1;6227
38077;27;14;40992
38079;30.2;4;8894
38081;13.5;2;10051
38083;35.3;2;3838
38085;54.8;1;1542
38087;0;0;1712
38089;32.9;25;55584
38091;54.7;5;5153
38093;31.7;23;53376
38095;19.4;3;6712
38097;14.6;6;20510
38099;29.4;14;29334
38101;30.6;49;135056
38103;30.7;7;12208
38105;30;19;46817
39001;68.6;55;69889
39003;40.7;122;234695
39005;28.8;47;133240
39007;49.1;155;251972
39009;53.7;70;151885
39011;32.7;48;117498
39013;42.7;111;172047
39015;54.3;62;108401
39017;52.5;423;796887
39019;33.7;30;73154
39021;45.4;51;96592
39023;48.1;212;332492
39025;62.3;264;454702
39027;49.3;56;101984
39029;46.5;170;274846
39031;40.9;47;92436
39033;32.6;53;118375
39035;41.3;1522;2452315
39037;22.2;40;133588
39039;31.9;37;96768
39041;41.8;100;301925
39043;43.5;113;182333
39045;41.7;138;309562
39047;37.9;33;69301
39049;54.8;1163;2101877
39051;26.5;32;106502
39053;48.5;46;76714
39055;27.7;74;230662
39057;43.4;167;344586
39059;42.3;56;102819
39061;54.4;1127;1569865
39063;32.4;70;180834
39065;44.3;41;79653
39067;57.6;32;39722
39069;33.3;30;72969
39071;41.6;50;104245
39073;36.9;30;70939
39075;24.9;23;100083
39077;37;62;149973
39079;59.5;59;84010
39081;52.7;144;176899
39083;43;73;142056
39085;45;333;568136
39087;56.9;112;157455
39089;42.7;174;368673
39091;48.2;67;114512
39093;46.8;364;660122
39095;50;585;932943
39097;49.2;50;89748
39099;38.3;328;546758
39101;48.8;93;153145
39103;44.1;176;392308
39105;46.3;37;58536
39107;40.1;50;101409
39109;39.7;118;245045
39111;39.1;20;37772
39113;47.9;699;1100220
39115;23.3;11;35822
39117;35;29;81931
39119;44.4;120;210031
39121;53.4;21;30151
39123;44.4;63;102506
39125;29.2;16;49591
39127;52.1;48;86242
39129;48.1;65;118159
39131;40;32;70236
39133;46.7;179;373488
39135;43.2;54;105575
39137;18.2;20;86635
39139;40.8;159;289650
39141;38.7;77;169821
39143;40.4;80;151438
39145;55.4;143;193710
39147;30.5;54;142423
39149;44.2;57;117723
39151;36.9;448;896121
39153;45.4;712;1181520
39155;40.1;301;522941
39157;30.3;92;230929
39159;35;33;105499
39161;27.1;27;74252
39163;51.1;18;32564
39165;41.9;160;416024
39167;51.6;108;158195
39169;38.1;119;277218
39171;38.9;47;96768
39173;39.1;123;305292
39175;35.9;28;57773
40001;36.1;14;28724
40003;34.9;9;12537
40005;34.4;13;26499
40007;11.2;2;13591
40009;49.4;30;44909
40011;50.2;20;23073
40013;47.3;51;79009
40015;51.9;41;53410
40017;42.1;84;207264
40019;56.1;77;97322
40021;52.7;44;68419
40023;60.5;25;28530
40025;30;3;7524
40027;41.2;174;467758
40029;29.9;5;12148
40031;50.3;107;190755
40033;26.5;6;14802
40035;22.5;10;28924
40037;56;104;149721
40039;34.4;24;57914
40041;47;54;72378
40043;34.6;6;11095
40045;4.5;1;9967
40047;42.9;80;136238
40049;54.3;49;62384
40051;52.9;67;107983
40053;26.3;4;12450
40055;35.1;8;12034
40057;56.8;6;7165
40059;25;4;8728
40061;47.4;18;24863
40063;42.1;16;26618
40065;49.3;34;60076
40067;43.9;11;15855
40069;52.6;15;21199
40071;60.5;101;107912
40073;54.7;23;33695
40075;39.2;14;22449
40077;58.2;17;21082
40079;57.2;75;103414
40081;37.2;33;73041
40083;36.8;32;74296
40085;57.2;16;20205
40087;48.4;36;65645
40089;51.5;45;65165
40091;40.6;30;39427
40093;24.3;8;18855
40095;46.1;23;30060
40097;54.8;59;75360
40099;60.7;24;26992
40101;49.6;93;122738
40103;41.1;14;25240
40105;53.9;15;21367
40107;44.8;14;20084
40109;46.9;752;1309207
40111;41.9;44;74903
40113;53.8;57;79752
40115;57.6;59;67388
40117;53.4;25;36151
40119;29.8;45;148864
40121;55.8;79;88987
40123;54.7;55;71321
40125;42.8;77;142140
40127;66.5;24;24589
40129;17.3;2;7574
40131;37.2;65;161251
40133;44.1;31;46971
40135;66.9;67;75924
40137;56.7;86;100232
40139;31.9;14;47121
40141;27.8;9;20181
40143;52.3;723;1158949
40145;45.5;62;128172
40147;49.1;82;109102
40149;32.7;14;28249
40151;31.3;13;20778
40153;34.3;19;44615
41001;38.4;25;40975
41003;27.9;51;181947
41005;46.5;425;839296
41007;51.1;63;87190
41009;60.7;70;109614
41011;67.8;166;153008
41013;41.7;26;49902
41015;57.2;60;52862
41017;53.4;188;307215
41019;51.5;190;249465
41021;27.2;2;4555
41023;60.6;16;18548
41025;45.9;11;17123
41027;34.6;19;50161
41029;44.5;280;464284
41031;32.9;15;40091
41033;59.5;184;194334
41035;44;87;149678
41037;35;9;17717
41039;48.8;469;784486
41041;54.8;99;108735
41043;51.3;169;257368
41045;39.6;35;69884
41047;49.2;374;686664
41049;54.2;13;26907
41051;53.3;820;1437906
41053;34.1;69;159940
41055;82.5;5;4357
41057;38.8;39;59532
41059;51.6;97;165052
41061;37.2;29;60520
41063;45.1;11;17519
41065;55.8;44;56136
41067;42.1;399;1046743
41069;42.2;3;3695
41071;53.4;118;208574
42001;33.6;97;234761
42003;47;2127;2804890
42005;29.4;80;182119
42007;40.9;273;434427
42009;33.2;61;125412
42011;36.6;440;914075
42013;41.8;207;326900
42015;31.1;67;158259
42017;43.5;747;1443464
42019;38.7;215;447163
42021;31.3;192;374969
42023;47.6;11;14696
42025;38.9;85;151478
42027;37;115;313598
42029;40.2;467;1038482
42031;31.5;44;105346
42033;32;99;205655
42035;45.2;58;95683
42037;28.2;66;166189
42039;37.9;112;224779
42041;36.1;263;532729
42043;36.4;256;517972
42045;47.7;786;1146726
42047;41.3;51;86325
42049;45.8;395;667358
42051;39.3;219;366398
42053;26.1;6;11614
42055;31.1;140;326241
42057;17.1;8;35657
42059;43.8;58;96808
42061;26.4;40;107191
42063;28.8;85;223302
42065;34.9;61;116251
42067;11.5;9;57005
42069;33.7;293;544384
42071;35.5;528;1159275
42073;30.6;121;234805
42075;30.7;135;304170
42077;33.9;370;760159
42079;33.6;434;798142
42081;37.2;157;288068
42083;42.2;67;111443
42085;37.4;164;289399
42087;40.3;68;118724
42089;45;169;335962
42091;39.1;943;1714042
42093;25.2;17;46225
42095;38.7;356;665697
42097;32.2;122;235024
42099;35;44;109889
42101;52.4;1457;1911008
42103;47.1;69;118832
42105;53.6;33;44916
42107;41.2;249;367039
42109;30.5;36;95348
42111;29.1;89;196846
42113;25.4;7;15566
42115;33.7;47;104638
42117;37.2;52;104661
42119;22.7;26;91241
42121;44.2;93;143104
42123;39.5;63;109000
42125;45.6;352;507978
42127;40.1;70;119406
42129;35.3;520;926194
42131;30.3;26;69979
42133;36.4;422;938046
44001;33.4;63;130816
44003;51;293;426278
44005;47;130;205118
44007;42.6;793;1423884
44009;42.6;155;312523
45001;45.6;29;46368
45003;42;147;269846
45005;53.8;6;7008
45007;40.4;188;359236
45009;22.2;7;15538
45011;25.7;11;33331
45013;43.7;151;232716
45015;63.1;140;245763
45017;25.9;7;20107
45019;44.2;270;511028
45021;45.1;58;106448
45023;48.1;34;52373
45025;44.1;40;71641
45027;41.4;24;37844
45029;53.5;38;56431
45031;58.1;75;100397
45033;80;43;41659
45035;44.7;80;185166
45037;36.7;15;34415
45039;39;15;24729
45041;40.6;102;194142
45043;47.3;69;91518
45045;32.6;305;787816
45047;34.8;57;116878
45049;39;13;22133
45051;50.6;309;433070
45053;53.1;13;21901
45055;48.1;58;100459
45057;42.6;60;113258
45059;34.3;57;129616
45061;52.5;15;17514
45063;40.9;215;483237
45065;79.8;17;11060
45067;61;33;38496
45069;58.8;27;32762
45071;38.1;35;60893
45073;39.3;85;155653
45075;34.6;50;87632
45077;46.2;128;255670
45079;48.8;245;425188
45081;24.8;11;32386
45083;40.1;253;506407
45085;39.3;63;134238
45087;38.9;32;52743
45089;25.6;12;30493
45091;42.5;157;347999
46003;19.9;1;7082
46005;22.8;12;40925
46007;0;0;3811
46009;26;8;15568
46011;31.8;20;67805
46013;34.5;42;86904
46015;23.7;4;12297
46017;0;0;889
46019;75.3;23;22667
46021;0;0;4213
46023;13.6;4;15929
46025;23;3;10140
46027;45.9;14;32188
46029;34;28;63395
46031;43.3;3;3762
46033;35.8;10;17700
46035;40;27;46616
46037;32.3;9;13934
46039;18;3;10927
46041;35.9;2;3743
46043;4.2;1;8540
46045;14.2;3;10631
46047;43.7;12;16462
46049;15.4;1;6354
46051;19.5;7;19155
46053;19.3;3;10960
46055;50.2;4;5117
46057;17.9;4;13915
46059;34.3;7;9053
46061;27.9;3;8443
46063;57.9;2;3115
46065;37.4;19;38485
46067;12.4;6;19940
46069;50.5;4;3655
46071;52.8;3;3549
46073;18;2;5546
46075;0;0;2655
46077;4.4;2;14259
46079;53.4;21;27397
46081;51.7;35;53744
46083;31.6;18;68256
46085;42.4;4;5890
46087;10.2;2;14602
46089;15.8;3;7143
46091;17.3;3;10145
46093;27.1;16;57033
46095;0;0;2292
46097;20.3;3;6843
46099;39.7;154;366596
46101;22.8;4;14014
46103;36.4;85;202564
46105;26.2;4;8074
46107;39.2;5;6449
46109;28.5;9;16528
46111;40.7;4;6201
46113;30.8;1;2010
46115;28.2;8;17023
46117;28.5;2;6500
46119;88.9;4;3590
46121;0;0;3240
46123;27.2;7;13892
46125;20.1;8;21756
46127;36.7;13;31385
46129;32.2;8;12515
46135;26.7;18;51873
46137;54.4;1;1606
47001;52.6;132;176985
47003;46.2;46;89079
47005;56.3;34;41408
47007;34;12;28202
47009;43.4;147;270309
47011;39.1;97;216576
47013;64;85;102746
47015;28.1;11;32827
47017;42.8;39;67522
47019;43.1;82;144063
47021;73.5;58;90008
47023;26.3;11;36139
47025;66;62;76768
47027;65;17;19884
47029;45.1;48;85037
47031;38.9;62;119569
47033;20.9;9;32139
47035;43.2;87;123811
47037;50.1;613;1008634
47039;39.5;18;28713
47041;46.3;26;44036
47043;59.2;68;106643
47045;46.2;48;82430
47047;35.6;22;52251
47049;48.3;27;42745
47051;46.3;57;95780
47053;48.5;74;100057
47055;47.7;42;65865
47057;53.1;34;53031
47059;37.6;80;158839
47061;44;19;36230
47063;52.2;92;139880
47065;44.8;375;615464
47067;52.3;12;17047
47069;48.8;28;38510
47071;45.5;40;62596
47073;42.6;71;137262
47075;41.4;15;24975
47077;49.3;38;61430
47079;51.3;56;72717
47081;52.2;31;52662
47083;34;9;19491
47085;67.9;40;44160
47087;30.4;11;27981
47089;42.8;59;112536
47091;40.4;22;40714
47093;47.2;506;897481
47095;94.6;16;12008
47097;52.4;29;43057
47099;48.3;61;101734
47101;61.8;21;28404
47103;42.1;43;74492
47105;46.9;67;102022
47107;44.9;72;121830
47109;56.2;45;59309
47111;44.6;27;52014
47113;43;85;155756
47115;51.7;43;67208
47117;45.7;33;63620
47119;52.8;93;154647
47121;46.9;14;27746
47123;38;45;99087
47125;50.8;113;258193
47127;38.3;7;14244
47129;66.4;36;46286
47131;41.7;43;74292
47133;62.5;43;51094
47135;50.5;13;18567
47137;41.4;8;12368
47139;80.8;42;40230
47141;50.7;94;155790
47143;44.2;39;72036
47145;47.3;85;129370
47147;47.2;62;128761
47149;47.3;156;424998
47151;59.9;35;54148
47153;28.6;10;29544
47155;46.5;103;186503
47157;42.9;577;1088572
47159;31;16;44225
47161;66.5;26;30518
47163;48.3;268;383616
47165;49.4;168;320024
47167;52.7;55;105766
47169;78.1;15;16403
47171;32.2;23;44735
47173;38.4;18;46105
47175;35.6;6;13666
47177;24.6;29;94305
47179;40.3;134;265424
47181;42.8;21;37244
47183;40.8;40;79891
47185;48.7;37;58359
47187;36.1;90;321943
47189;31.2;65;218038
48001;51.1;62;89853
48003;55.2;19;31540
48005;38.4;79;171044
48007;54.2;47;55262
48009;46.2;12;22381
48011;24.2;2;5451
48013;29.8;28;101176
48015;35.6;24;55035
48017;36.2;7;16325
48019;44.3;26;46392
48021;50.2;66;139458
48023;48;8;9939
48025;29.4;21;62515
48027;44.7;192;442801
48029;29.7;955;3286791
48031;53.7;15;21904
48033;0;0;1727
48035;56.7;36;43528
48037;58;130;165820
48039;52.7;252;547754
48041;34;74;317085
48043;17.3;4;22005
48045;12.8;1;4192
48047;12.6;3;19999
48049;33.3;41;91205
48051;52.1;25;35815
48053;36.8;51;93594
48055;41.4;35;78319
48057;45.2;24;47600
48059;51.1;25;32952
48061;18.7;158;900642
48063;53.7;17;23559
48065;27.2;6;16216
48067;30.7;27;61638
48069;19.1;4;18992
48071;62.5;31;59517
48073;39.6;51;98466
48075;44.8;10;14503
48077;39.3;14;28294
48079;23.3;2;8629
48081;51.5;9;9273
48083;54.4;22;22404
48085;40.7;298;1191434
48087;23.9;5;7382
48089;28.7;19;43825
48091;32.8;86;209864
48093;42.3;25;34371
48095;60.8;6;6572
48097;47.2;53;90275
48099;58;57;131248
48101;9.4;1;4229
48103;75.8;8;9487
48105;0;0;9729
48107;24.7;5;16889
48109;45.9;3;6841
48111;48.9;7;14758
48113;40.5;1465;4077464
48115;36.4;15;30950
48117;21.2;10;45343
48119;46.5;9;12493
48121;43.4;267;1060285
48123;38;27;43888
48125;59.9;6;5462
48127;6.9;2;25476
48129;46.4;8;9435
48131;21.2;8;31376
48133;33.9;27;45684
48135;55.1;160;291679
48137;34.7;2;4857
48139;50.9;123;270895
48141;23.3;356;1702118
48143;47.3;43;82003
48145;48.7;24;33550
48147;43.5;43;69585
48149;28.7;26;52285
48151;21.4;4;10390
48153;50;12;18193
48155;44.7;3;3987
48157;41.6;174;647051
48159;51.4;18;23817
48161;57.9;28;35322
48163;15;6;36112
48165;44.5;14;35130
48167;50.7;278;534120
48169;12.2;2;11030
48171;41.2;43;56328
48173;0;0;3167
48175;46.4;11;16591
48177;18.2;11;42401
48179;34.9;29;50965
48181;47.6;168;266628
48183;51.1;144;225296
48185;57.1;30;46147
48187;38.2;86;221749
48189;15.7;16;83019
48191;56.1;9;8923
48193;45.1;15;20689
48195;37.8;7;13122
48197;18.3;4;11233
48199;43.3;55;115278
48201;41.5;2087;6519679
48203;56.1;77;119317
48205;48.3;7;10695
48207;31.7;11;14775
48209;35.1;65;257519
48211;28.3;3;8123
48213;63.5;168;178214
48215;13.8;172;1545761
48217;51.7;57;78018
48219;27.7;17;54957
48221;56.9;92;109606
48223;54.3;49;75180
48225;48.2;32;39330
48227;51.2;50;71215
48229;0;0;8076
48231;43.9;89;177027
48233;42.9;32;56094
48235;72.5;4;4302
48237;47.4;14;19645
48239;45.1;20;32961
48241;50.8;54;74423
48243;31.8;2;5403
48245;40.8;229;377852
48247;18.3;3;12860
48249;22.9;24;100180
48251;47.4;145;324697
48253;28.7;16;38049
48255;24.9;13;30083
48257;53.1;90;173955
48259;46.5;36;63931
48261;0;0;945
48263;76.8;3;2088
48265;51.7;105;112930
48267;35.6;7;11445
48269;0;0;728
48271;27.2;4;8133
48273;38.8;28;72177
48275;37.7;6;9518
48277;52.5;76;107414
48279;38.3;19;35369
48281;38.4;23;45446
48283;0;0;13500
48285;34.4;25;45281
48287;29.7;12;35053
48289;47.4;25;35561
48291;61;92;159519
48293;36.5;22;43925
48295;52.8;6;7647
48297;37.5;15;26680
48299;37.6;40;44891
48301;0;0;150
48303;38.5;223;565328
48305;25.4;5;15176
48307;59.7;19;20571
48309;42.8;231;457287
48311;54.1;2;2058
48313;75.9;24;21884
48315;41.1;13;20972
48317;43.8;5;11269
48319;28;5;9709
48321;56.7;50;79612
48323;18.3;19;123773
48325;33;35;96926
48327;18.4;2;5693
48329;43;122;274954
48331;39.6;32;55078
48333;13.9;4;12512
48335;61.8;16;17024
48337;51.5;39;49309
48339;55.2;362;776314
48341;29.8;14;48804
48343;46.2;16;25222
48345;85.1;5;3169
48347;43.2;56;123900
48349;56.4;67;96208
48351;43.1;16;28284
48353;35.1;19;36762
48355;36.1;278;747364
48357;26.8;6;22192
48359;0;0;5021
48361;51.9;118;192880
48363;48.8;43;66289
48365;36.6;25;47482
48367;45.8;103;227182
48369;5;1;24048
48371;31.3;11;35529
48373;66.1;97;93596
48375;49.9;142;250121
48377;9.1;2;19351
48379;75.3;25;24641
48381;39;109;262870
48383;44.5;3;7561
48385;37.9;5;7657
48387;39.1;19;29109
48389;36.4;12;28279
48391;53.3;15;18139
48393;32.4;1;2106
48395;46.4;21;30965
48397;51.3;50;118541
48399;47.5;20;28012
48401;37.9;49;93530
48403;44.2;21;23985
48405;39.7;14;16462
48407;59.9;38;50505
48409;44.4;71;162101
48411;18.6;5;14310
48413;29.6;3;7063
48415;46.8;24;36623
48417;64.7;9;8524
48419;46.5;34;51290
48421;67.7;6;7607
48423;40.1;190;369359
48425;37.7;8;17569
48427;12.1;13;144224
48429;53.7;18;22604
48431;0;0;3404
48433;25.1;3;3844
48435;49.4;5;10069
48437;30.1;7;18154
48439;45.2;1222;3094080
48441;41.5;139;291405
48443;0;0;2505
48445;34.5;12;28826
48447;42;3;4412
48449;46.1;32;62457
48451;41.1;123;250617
48453;37.8;466;1724350
48455;68.3;37;31407
48457;41.1;28;44692
48459;72.5;74;82045
48461;9.7;1;7926
48463;32;25;66130
48465;19.7;23;113696
48467;37.9;64;121413
48469;38.1;84;199889
48471;40.6;41;96323
48473;32.3;18;58990
48475;39.5;13;24642
48477;30;26;62552
48479;12.3;46;525603
48481;37;41;86847
48483;26.5;5;12294
48485;57.9;189;272640
48487;43.6;17;32223
48489;23.6;12;47878
48491;32.6;155;649345
48493;29;24;83860
48495;43.5;9;17142
48497;49.3;62;127157
48499;36.5;59;90847
48501;22.9;4;18158
48503;40.3;29;45308
48505;13.7;5;31860
48507;22.2;7;28723
49001;54.3;9;14331
49003;10.5;10;107450
49005;9.6;14;232307
49007;15.6;10;49569
49009;29;1;1973
49011;17.7;75;594205
49013;10.3;3;33860
49015;11.8;3;26300
49017;20.1;3;10946
49019;13.1;3;20407
49021;22;14;84952
49023;8.7;2;21078
49025;9.6;2;14841
49027;15.3;5;29353
49029;7.5;1;18073
49031;54;3;3348
49033;0;0;4891
49035;17.9;303;2115604
49037;27.5;4;14845
49039;17.5;9;55555
49041;13.9;7;46601
49043;9.8;3;74956
49045;27.8;20;109802
49047;24.9;13;58239
49049;10.5;61;987259
49051;14.2;4;40809
49053;19.1;58;245299
49055;25;2;6065
49057;21.8;96;482968
50001;40.2;38;90368
50003;53;73;94377
50005;31.9;30;74684
50007;44;152;365338
50009;34.3;7;16158
50011;39.3;46;114579
50013;14.1;3;18011
50015;38.7;24;58639
50017;35.4;29;71405
50019;45.7;40;66520
50021;38;79;160661
50023;33.2;60;146816
50025;39;53;110754
50027;33.7;66;145924
51001;50.3;51;66201
51003;35.6;77;192786
51005;35.7;23;40851
51007;44.6;11;21041
51009;41.8;34;65081
51011;31.5;11;26620
51013;30.6;122;384715
51015;38.5;76;161578
51017;30.9;6;11752
51019;35.6;58;144330
51021;29.4;6;15458
51023;29.2;25;74443
51025;40.6;13;18213
51027;55.9;42;63148
51029;54;17;22258
51031;55.7;77;109309
51033;53.7;23;37370
51035;29.7;34;73782
51036;20.2;2;6961
51037;53.8;16;21265
51041;52.7;248;528874
51043;47.5;18;30782
51045;68.9;11;12498
51047;28.7;23;75284
51049;32.4;6;14432
51051;39.4;22;41228
51053;39.9;18;40544
51057;44.4;11;15410
51059;37.2;616;1864967
51061;40.8;53;134147
51063;13.9;7;35026
51065;36.8;19;46891
51067;35.6;51;110676
51069;55.1;84;151404
51071;41.2;25;42252
51073;45.7;40;80499
51075;34.9;13;33181
51077;47.6;29;41416
51079;49.4;17;37632
51081;21.4;3;9419
51083;31;31;58400
51085;43.2;90;205936
51087;47.5;308;485924
51089;37.7;62;110963
51091;30.7;3;6325
51093;39.9;26;57026
51095;44.8;71;111145
51097;28.1;4;10655
51099;61.1;18;35311
51101;74;18;26145
51103;24.8;14;21572
51105;53.6;44;60012
51107;40.1;97;432144
51109;52.9;32;53605
51111;31.6;10;19098
51113;25;9;28800
51115;23.1;9;20963
51117;43.1;37;49853
51119;46.3;17;21092
51121;33.7;55;182620
51125;26.4;12;31766
51127;67.9;19;29493
51131;77.5;28;19305
51133;27.1;14;23691
51135;66.5;22;22624
51137;51.8;45;60183
51139;40.1;32;57936
51141;38.5;26;45568
51143;45.7;70;118129
51145;45.1;19;48089
51147;52;21;31566
51149;64.2;29;51044
51153;47.8;164;563379
51155;37.2;44;83238
51157;41;8;16827
51159;52.2;12;14102
51161;37.3;114;213439
51163;37;25;50075
51165;35.5;74;170762
51167;53;50;73489
51169;49.9;44;59075
51171;49;67;91581
51173;56.7;68;82611
51175;44.5;15;23657
51177;46.9;82;216311
51179;52.5;70;211478
51181;32.9;4;8327
51183;51.9;8;10964
51185;40.3;64;111363
51187;42.4;38;78557
51191;55.9;97;129288
51193;50.5;27;29242
51195;55.8;70;100268
51197;30.5;30;69786
51199;41.7;48;120251
51510;35.7;92;242381
51515;51.4;10;12545
51520;47.8;40;44462
51530;64.1;15;15799
51540;44.5;39;77526
51550;55.8;183;353166
51570;54.7;36;40056
51580;32.8;8;14023
51590;35.1;57;69227
51595;59;9;6447
51600;41.3;26;44591
51610;42.4;13;23651
51620;21.8;5;10105
51630;54.5;27;42313
51640;62.8;18;15973
51650;46.3;101;173394
51660;30.9;24;96366
51670;75.7;44;36645
51678;62.1;14;13062
51680;43.9;86;119743
51683;41.5;21;72684
51685;52.8;7;21857
51690;36;18;23427
51700;54.2;160;249640
51710;62.8;209;271231
51720;61.3;9;9923
51730;64.3;24;17198
51735;50.4;16;27963
51740;60.1;103;114410
51750;41.4;14;36663
51760;55.5;165;202978
51770;39.3;108;174437
51775;42.6;39;60061
51790;46.6;42;54345
51800;46.7;50;97919
51810;54.3;416;792087
51820;49.2;35;47243
51830;38.9;10;26409
51840;50;38;54291
51910; ;0;0
51911; ;0;0
51913; ;0;0
51914; ;0;0
51915; ;0;0
51916; ;0;0
51917; ;0;0
51918; ;0;0
53001;24.9;9;39497
53003;49.6;35;52596
53005;49.1;169;356352
53007;45.9;93;164984
53009;43.4;119;154383
53011;51.9;418;856611
53013;62.3;10;10244
53015;54.2;145;227927
53017;42.2;38;81759
53019;94.8;16;14134
53021;67;59;120467
53023;98;10;5863
53025;54.3;99;181657
53027;71;155;157797
53029;37.6;83;170422
53031;46.3;53;65423
53033;45.3;1679;3481608
53035;50.5;278;511168
53037;35;30;82439
53039;49.4;28;46289
53041;57.1;131;170677
53043;22.7;9;25029
53045;65.2;109;115845
53047;39.5;45;85609
53049;67;60;50138
53051;46.3;17;28843
53053;53.3;811;1504994
53055;32.3;18;36401
53057;49.5;160;256357
53059;45.2;11;24371
53061;49.4;635;1384769
53063;46.7;553;1018479
53065;50.7;56;94730
53067;46.3;253;492504
53069;39.8;6;9160
53071;35.2;61;133000
53073;38.6;166;406032
53075;32.5;26;90070
53077;38.4;209;518066
54001;37.7;20;38614
54003;60.7;120;194517
54005;75.8;58;65016
54007;63.7;30;36117
54009;52.4;50;63981
54011;45.5;151;235437
54013;56.6;14;18416
54015;62.1;19;25923
54017;50.9;12;18267
54019;66.9;105;111748
54021;20.7;5;17119
54023;52.7;20;28419
54025;35.3;47;86041
54027;44.4;27;51611
54029;43.3;53;80719
54031;29.7;12;31971
54033;62.1;155;172942
54035;59.9;57;71782
54037;48.9;53;104531
54039;54.6;383;470176
54041;39.6;25;43369
54043;49.7;32;56430
54045;59.2;71;91858
54047;69.8;55;59297
54049;60.2;129;141730
54051;56.8;74;88968
54053;45;39;65657
54055;47.2;109;151466
54057;37;33;66591
54059;69.1;54;69246
54061;47.6;92;194380
54063;45.2;22;33452
54065;54.8;29;38616
54067;49.3;43;66952
54069;55.8;111;117279
54071;37.1;11;19248
54073;39.1;10;18581
54075;49.5;15;21615
54077;45.6;43;74100
54079;57.6;81;130791
54081;45.9;118;183406
54083;44.5;43;69368
54085;38;14;26290
54087;55.8;27;38524
54089;47.2;26;34655
54091;34.1;20;40432
54093;58;17;18338
54095;50.3;16;24097
54097;41.1;30;59767
54099;46.6;65;107943
54101;41.2;14;24727
54103;32.6;21;44299
54105;45.6;8;14442
54107;42.3;130;222318
54109;55.6;45;63072
55001;53;41;46491
55003;46.1;23;37490
55005;30.3;47;112853
55007;23.3;12;33551
55009;30.9;179;546767
55011;27.7;13;33962
55013;32.4;21;37898
55015;25.5;26;102653
55017;37.9;66;139380
55019;20.4;23;83444
55021;36.2;60;131328
55023;44.6;26;41726
55025;37.2;354;1014608
55027;37.8;97;204112
55029;36;42;70586
55031;48.7;68;107182
55033;30.5;29;97782
55035;31.8;86;232538
55037;38.5;7;12315
55039;35;114;243410
55041;52.6;17;21920
55043;32.5;53;119541
55045;32.3;34;85677
55047;41.7;29;48058
55049;32.3;21;57412
55051;46.3;13;17042
55053;25.7;15;42167
55055;35.5;75;191030
55057;42.2;36;60718
55059;44.8;176;358016
55061;21.5;15;50503
55063;39.8;120;264865
55065;32.3;15;40307
55067;46.3;36;51785
55069;36.4;38;74202
55071;27;75;201070
55073;30.3;110;300300
55075;41.4;65;108294
55077;73.9;41;36100
55078;0;0;1601
55079;41.3;922;1674825
55081;34;42;100679
55083;39.3;44;89674
55085;38.7;55;91655
55087;30.8;126;394962
55089;36.4;90;207004
55091;30.8;7;18035
55093;39.2;30;93767
55095;40.3;53;105030
55097;32.6;54;163781
55099;30.8;18;38181
55101;41.3;202;419884
55103;42.9;26;45322
55105;48.9;208;364825
55107;37.3;20;37984
55109;40;61;168583
55111;34.9;60;139588
55113;45.3;24;33923
55115;32.4;45;94606
55117;30;103;268005
55119;29.4;18;48194
55121;28.2;24;67521
55123;31.7;30;71131
55125;37.5;36;49303
55127;39.3;106;234145
55129;43.9;26;39983
55131;31.5;101;297666
55133;35.3;371;908116
55135;37.3;64;129544
55137;40.2;34;57561
55139;40;175;383717
55141;30.5;80;186617
56001;19.2;12;73379
56003;45;18;27807
56005;53.2;27;84597
56007;36.7;15;35056
56009;52.3;16;30389
56011;21.8;4;14401
56013;42.8;41;71562
56015;39.5;19;30650
56017;38.4;8;11936
56019;30.1;8;18535
56021;32.1;68;195161
56023;26.1;10;36778
56025;40.3;76;166040
56027;54.4;5;5819
56029;39.9;35;65856
56031;31.8;9;21885
56033;41.3;37;67172
56035;40.6;6;14994
56037;30.5;21;89057
56039;39.6;11;42703
56041;23.8;9;47714
56043;32.9;9;19792
56045;52.3;12;15939